"Experiment","Site","es.measurement","d","vd","g","vg","r","var.r"
"Allowedforbidden","abington","md",0.862264906029257,0.15342174060571,0.854155831677884,0.150549634240267,0.39340901564789,0.0228161958136683
"Allowedforbidden","brasilia","md",0.669060911185423,0.109627293861809,0.664799376719274,0.1082352153605,0.315818074662448,0.019796856307079
"Allowedforbidden","charles","md",0.350638984256404,0.0964447630392306,0.347422112841207,0.0946832519223623,0.172495597091676,0.0219723924478769
"Allowedforbidden","conncoll","md",0.742248041902138,0.154460069721265,0.73618061921629,0.15194515808855,0.34619839449096,0.0260302480318642
"Allowedforbidden","csun","md",0.536366426489122,0.0911568998229794,0.531981959787576,0.0896726874425193,0.253484233641247,0.0178272354272379
"Allowedforbidden","help","md",0.296414747859191,0.132776901007076,0.294186065544461,0.130787762063841,0.146495635762881,0.0310547895329995
"Allowedforbidden","ithaca","md",1.08151901732067,0.138050112712685,1.07216870881358,0.135673397652736,0.475456896730597,0.015981081400173
"Allowedforbidden","jmu","md",0.880169410347824,0.0861582538195819,0.876234226695002,0.0853895594856734,0.402218994689627,0.0126416980499827
"Allowedforbidden","ku","md",0.6865234310994,0.0480063646420215,0.681831927014438,0.0473524830868962,0.323924533486921,0.00856234234478241
"Allowedforbidden","laurier","md",1.66375137172178,0.127630428187148,1.6523817723706,0.125892009052797,0.636544047232589,0.00660987528518365
"Allowedforbidden","lse","md",0.549872590447191,0.0343353050891013,0.548371573366807,0.0341481070457054,0.265084920359389,0.00689763943807213
"Allowedforbidden","luc","md",1.4034249442353,0.1799941027058,1.39599941542983,0.178094442093833,0.573472467633645,0.0135368455735967
"Allowedforbidden","mcdaniel","md",1.51946496871104,0.341952306631674,1.50756315433471,0.336616331678679,0.604628455598301,0.0217932056030273
"Allowedforbidden","msvu","md",0.571683252353854,0.146880289294102,0.566373500784004,0.144164533578545,0.269435002285628,0.0280607495791617
"Allowedforbidden","mturk","md",0.595419453315126,0.0145420148585094,0.594971432658004,0.0145201389460609,0.285330148486667,0.00281782606303474
"Allowedforbidden","osu","md",0.893421720491589,0.138143560429153,0.887024906263726,0.136172452843328,0.407732057738109,0.0200006358889035
"Allowedforbidden","oxy","md",0.839357740147426,0.375348930311388,0.834056533367547,0.370622653032652,0.386068771055156,0.0575015216577177
"Allowedforbidden","pi","md",0.840969511987697,0.0149361834514327,0.840489049497511,0.0149191216535468,0.387046934453755,0.00228687884416701
"Allowedforbidden","psu","md",0.904993848022295,0.192596222269227,0.897596078147453,0.189460379583956,0.407243537964166,0.0271366375746791
"Allowedforbidden","qccuny","md",1.21498513110783,0.131644005408484,1.20584990455815,0.129671838444086,0.518026800942705,0.0128105647736768
"Allowedforbidden","qccuny2","md",0.964916851576985,0.141380215321779,0.956064403397379,0.138797982620422,0.434129785947703,0.0188477106285093
"Allowedforbidden","sdsu","md",1.00910968437522,0.128994788304165,1.00431201551131,0.127771129243069,0.450435815257454,0.0163303359822215
"Allowedforbidden","swps","md",0.873371187401768,0.121780268800887,0.864836615537907,0.119411827409339,0.398869037347386,0.0179610684722843
"Allowedforbidden","swpson","md",0.543668902722822,0.0577962441027471,0.541208862439009,0.0572743845247427,0.262298094602476,0.0116655861922609
"Allowedforbidden","tamu","md",0.567658935979317,0.0453161777389357,0.56535450186844,0.0449489988783997,0.272954012607252,0.00897442169713434
"Allowedforbidden","tamuc","md",0.550517796951982,0.123070956521952,0.545645958040903,0.120902347765007,0.265241818559834,0.0246906645887378
"Allowedforbidden","tamuon","md",0.909090816310268,0.0587362484458065,0.905959619468786,0.058332332748999,0.411008164875851,0.00829220756508286
"Allowedforbidden","tilburg","md",0.791203566164669,0.103612972319962,0.783471935224949,0.101597857270864,0.367632830210873,0.016731847604705
"Allowedforbidden","ufl","md",0.908953138972701,0.135848325452765,0.903444332069836,0.134206668921123,0.413750969754335,0.0193356803369143
"Allowedforbidden","unipd","md",0.811871973235355,0.046467983378046,0.807514878566829,0.0459705598406163,0.375614251715106,0.00733773709605095
"Allowedforbidden","uva","md",0.612461556203564,0.132657986035784,0.606553566915427,0.130111011954991,0.290707187419523,0.0250491992027333
"Allowedforbidden","vcu","md",1.27243789012455,0.134533278373607,1.26323954393087,0.13259524926259,0.535081095600523,0.0121174939958907
"Allowedforbidden","wisc","md",0.919173740746226,0.13848532436057,0.911820350820256,0.13627842223156,0.416921371616252,0.0194474471273653
"Allowedforbidden","wku","md",0.741396972963857,0.142777899091768,0.735822559633302,0.140638934579398,0.347055558172207,0.024203649404156
"Allowedforbidden","wl","md",Inf,Inf,Inf,Inf,NA,NA
"Allowedforbidden","wpi","md",0.730998841144768,0.100779831353836,0.724529824851452,0.0990040100636319,0.343268073769343,0.0172945282800648
"Anchoring1","abington","md",1.11000182202699,0.068344680108621,1.09734020428523,0.0667943786283274,0.483823300149615,0.00761714208747148
"Anchoring1","brasilia","md",1.21779674806212,0.0667468796127852,1.20488724189892,0.0653392521025654,0.513969310150965,0.00643750014471669
"Anchoring1","charles","md",0.950510333242016,0.0665637412102334,0.939500561042301,0.0650306546407158,0.428893555295028,0.00902520252354123
"Anchoring1","conncoll","md",1.95428378992588,0.0739991516876478,1.93590494550651,0.0726138627855638,0.691915489053514,0.00252031398213134
"Anchoring1","csun","md",1.46046511762104,0.0592854084051181,1.4475406475536,0.0582407520584072,0.585390393788457,0.00411535957123783
"Anchoring1","help","md",1.9296599100667,0.0834405310085534,1.90920415130275,0.0816808504422653,0.684252796975219,0.0029671687902434
"Anchoring1","ithaca","md",1.16108340854545,0.0659325570962862,1.14841704408859,0.0645018750970134,0.501733129056148,0.00689331596832043
"Anchoring1","jmu","md",1.02008877002364,0.0334325981726634,1.01483959968046,0.0330894086754322,0.436225652974647,0.00400841407752096
"Anchoring1","ku","md",1.12540785229165,0.0702010820757553,1.11216775991175,0.068559008322011,0.490396238846733,0.00768930214993719
"Anchoring1","laurier","md",1.94159530885854,0.0884931390423118,1.91910578790651,0.0864549777176391,0.694582401626298,0.0030335644289565
"Anchoring1","lse","md",1.36300810807253,0.0214241855408773,1.3585779625425,0.0212851430598072,0.560158308905589,0.00170395895026011
"Anchoring1","luc","md",1.30720812139315,0.0388372204216252,1.29922110639482,0.0383640810353679,0.547095129788882,0.00333989168200706
"Anchoring1","mcdaniel","md",1.29579450248687,0.058652971892745,1.28375925942972,0.0575685027347822,0.542380546600792,0.00511938744595691
"Anchoring1","msvu","md",1.57013455007534,0.118485589690466,1.54258832989858,0.114364668904063,0.612823796190937,0.00703807994036739
"Anchoring1","mturk","md",1.0731629018114,0.00494314394253165,1.07229159228354,0.00493512044496166,0.472745657528915,0.000578392807477229
"Anchoring1","osu","md",1.55096853567348,0.0567373652549311,1.53800779582105,0.0557930705297829,0.611995053034665,0.00345589825270392
"Anchoring1","oxy","md",0.988511378533114,0.040060568959432,0.981817170552077,0.0395198250719547,0.441395546427045,0.00517827130734377
"Anchoring1","pi","md",1.03505250077312,0.00379610875654986,1.03440220600824,0.00379134027538338,0.459419659795792,0.000465493819583618
"Anchoring1","psu","md",1.77672215622284,0.0697609046710469,1.75958335728822,0.0684215264597573,0.66402733977831,0.00304560642731137
"Anchoring1","qccuny","md",1.00648616663184,0.0501602674960651,0.997883720763189,0.0493064913015598,0.449175098489059,0.00636567443587639
"Anchoring1","qccuny2","md",1.81725180594166,0.0761285816205423,1.79851725124123,0.0745670111823699,0.669809422349996,0.00314400473917971
"Anchoring1","sdsu","md",0.925172634326693,0.031323298632396,0.920207486020826,0.0309879936572923,0.418982850303741,0.00436663231618603
"Anchoring1","swps","md",1.42218524217992,0.105115752094241,1.39984725408286,0.101839619035083,0.568097786006005,0.00769340869480289
"Anchoring1","swpson","md",0.824424962696756,0.0397561053899282,0.818686505879842,0.0392045822844871,0.379753652341517,0.00617784519438006
"Anchoring1","tamu","md",1.28431458549652,0.0296005063455256,1.27832244901675,0.0293249406798113,0.540333640274399,0.00262660863695993
"Anchoring1","tamuc","md",1.25455465378553,0.059868190664308,1.24245284040496,0.0587187481434116,0.531266312556182,0.00553089366017925
"Anchoring1","tamuon","md",1.15219971002739,0.0252344168732639,1.14749685406809,0.0250288420319307,0.497795984083038,0.00266505522973511
"Anchoring1","tilburg","md",1.00649133294336,0.071369410401241,0.99270378043729,0.0694274767348534,0.437676794231384,0.0088205082310834
"Anchoring1","ufl","md",1.40549003967985,0.0439733208265252,1.39614088198797,0.0433902556190329,0.571666578368923,0.00329688718138234
"Anchoring1","unipd","md",1.14201465936362,0.0470942209461643,1.13316183254685,0.046366907997233,0.495385706403585,0.00504587803704934
"Anchoring1","uva","md",0.788851538825033,0.0560678500809661,0.780936640442173,0.0549483870727836,0.366675036456063,0.0090754835513615
"Anchoring1","vcu","md",1.26198141669983,0.0533583766322863,1.25131678500941,0.0524603554711113,0.530829816940745,0.00486992127235797
"Anchoring1","wisc","md",1.16818417314518,0.0547622644084725,1.15796681886111,0.0538085131672978,0.498051731031223,0.00562832559035716
"Anchoring1","wku","md",1.18314301146464,0.0566359286382414,1.17228848842368,0.0556015042198845,0.506462235049127,0.00573679000283569
"Anchoring1","wl","md",0.923019238215023,0.0563954038469503,0.914228578803451,0.0553263209078109,0.413034235182819,0.00776828619478921
"Anchoring1","wpi","md",1.17920130147427,0.0596372831745168,1.16767816172045,0.0584774285335244,0.507137470643861,0.00608626263750502
"Anchoring2","abington","md",2.90727266799527,0.109767032525952,2.87730078482006,0.107515460916057,0.823664534447157,0.000911109065086091
"Anchoring2","brasilia","md",2.34425829093042,0.116423023656205,2.31272118387755,0.113311635966143,0.760565460239381,0.00217760500111466
"Anchoring2","charles","md",1.59092268352152,0.0828223263949005,1.57190767136787,0.0808543414008025,0.6169811981492,0.00477796828964727
"Anchoring2","conncoll","md",2.04668542946461,0.0781341105588637,2.02642121729169,0.0765945599047776,0.715216871332947,0.00227656771058481
"Anchoring2","csun","md",2.50050995467764,0.0828636629851277,2.47811732821784,0.0813861830151278,0.780930957098713,0.00123023596155573
"Anchoring2","help","md",2.78840378254813,0.096658978850034,2.76218054948341,0.0948494903946403,0.811267177656013,0.000956133623650901
"Anchoring2","ithaca","md",2.87255767707031,0.102366073344248,2.84484811748443,0.100400690457385,0.818559295307904,0.000904988788104726
"Anchoring2","jmu","md",2.14439476721532,0.0409215251998127,2.13379644052398,0.040518028647913,0.731184538941741,0.00103036607443521
"Anchoring2","ku","md",2.00540165541562,0.0815849795676643,1.98443926877365,0.0798882845731954,0.706894356965562,0.00253733695768583
"Anchoring2","laurier","md",1.57783511188843,0.053535188641027,1.56547609012429,0.0526998018921957,0.619295760889845,0.00313429667911081
"Anchoring2","lse","md",1.94487189487932,0.0271796431648046,1.93826417609717,0.026995270764144,0.689674190273103,0.000939704771896658
"Anchoring2","luc","md",1.69760515833555,0.0445978003016699,1.68697297571549,0.0440409133552903,0.647118277229506,0.00218935053320586
"Anchoring2","mcdaniel","md",1.79096751185891,0.0669558944616651,1.7745366172547,0.0657329814831127,0.666156560222238,0.00286604712238085
"Anchoring2","msvu","md",1.86201982536629,0.0776389260371645,1.84255620349835,0.0760242957721174,0.68087469828645,0.00298702230889315
"Anchoring2","mturk","md",1.67524917044865,0.00619658174140982,1.67380457501567,0.0061858995165752,0.642114871269574,0.000314422190892045
"Anchoring2","osu","md",2.47935268029367,0.0757381106641197,2.45908549217138,0.0745049462877682,0.776582823510756,0.00117062406446909
"Anchoring2","oxy","md",1.48083679350428,0.0470082241432722,1.47043278792931,0.0463500074238377,0.593745458872902,0.00316806753972502
"Anchoring2","pi","md",1.35630669711847,0.0044384889801618,1.3553908924614,0.0044324970956201,0.560293634126721,0.000356524097770132
"Anchoring2","psu","md",2.28857522774394,0.0780314961813,2.26783285407858,0.0766234379493522,0.752419299725285,0.00158770214434016
"Anchoring2","qccuny","md",2.00668465352258,0.0729485400431815,1.98827470257284,0.0716161746539574,0.70329642720779,0.00228855414063586
"Anchoring2","qccuny2","md",2.13720486754132,0.0928707139390555,2.1128261047937,0.0907640744015404,0.7288218773992,0.00237377239447796
"Anchoring2","sdsu","md",2.04978970307907,0.0406721260894966,2.03938467920557,0.0402602591113943,0.715746138091516,0.0011795465789135
"Anchoring2","swps","md",3.14702858729983,0.147851721699079,3.10752613641322,0.144163258552055,0.837535673686375,0.000933295614397035
"Anchoring2","swpson","md",1.82629104009344,0.0453783292187523,1.81522260954742,0.0448299556535376,0.672023982576897,0.0018477671828089
"Anchoring2","tamu","md",2.14624932492341,0.0393678135960704,2.13610956433322,0.0389967129463621,0.730109230457587,0.000993298410046625
"Anchoring2","tamuc","md",2.47378945926319,0.0980959159370781,2.44718957260444,0.0959976682265498,0.777524452748565,0.00151547684439383
"Anchoring2","tamuon","md",1.61531472326108,0.0268240477322989,1.60912577796123,0.026618893244424,0.628009985816171,0.00148703024242303
"Anchoring2","tilburg","md",1.48396865626028,0.118680139268511,1.45665634970334,0.114351746971052,0.595768273246546,0.00795946323108386
"Anchoring2","ufl","md",2.6044469727012,0.0631244201179304,2.58757150635541,0.0623090432709677,0.791035180092579,0.000815666351011491
"Anchoring2","unipd","md",1.38183638969739,0.0644261946107408,1.36797181053655,0.0631398470600404,0.568144693294644,0.00499477495322002
"Anchoring2","uva","md",2.12065964441861,0.084093869628992,2.0987971738576,0.0823689130089053,0.725011255893867,0.00221169681825587
"Anchoring2","vcu","md",2.0153103447827,0.0603073789289408,1.99984760556442,0.059385496258387,0.709797813610034,0.00184181826206095
"Anchoring2","wisc","md",1.97981666402719,0.0685866646052737,1.96250048329226,0.0673921446707549,0.70016944252656,0.00222911377483684
"Anchoring2","wku","md",2.59015638159262,0.0861544139762324,2.5669609513097,0.0846182590876921,0.789486111273128,0.00113588070388858
"Anchoring2","wl","md",1.36607506678698,0.0688495135865915,1.35159370565496,0.0673975435476629,0.559608637262584,0.00545041302163747
"Anchoring2","wpi","md",1.69510770427108,0.0710393298425054,1.67809993466301,0.0696209429814091,0.645002300936502,0.00350760664349656
"Anchoring3","abington","md",2.52673378462649,0.0986158729654751,2.49994862083186,0.0965361590292455,0.783840445706192,0.00141105542475758
"Anchoring3","brasilia","md",2.50541965807103,0.0952741652473303,2.47994081409065,0.0933462387319549,0.777668213606092,0.00143386219941181
"Anchoring3","charles","md",0.785976446937861,0.0519772535627719,0.778676356099428,0.0510162156718443,0.365551005529924,0.00843916560923231
"Anchoring3","conncoll","md",2.07836917568914,0.0740156372387006,2.05930156857273,0.0726637818998572,0.718084005335091,0.00207279726158166
"Anchoring3","csun","md",2.06375256588912,0.0756311989654145,2.04570225190176,0.0743139899225826,0.696281242765745,0.00228504139581558
"Anchoring3","help","md",2.62196078196887,0.115142677492181,2.59062260529195,0.112406711583612,0.793382826482163,0.00144753268229841
"Anchoring3","ithaca","md",3.62172878780997,0.127273400775485,3.58809043993558,0.124920168308042,0.875259335172867,0.000406741121948417
"Anchoring3","jmu","md",2.57676797855132,0.0458950147631956,2.56459427156604,0.045462385459172,0.787411196473202,0.000618796401382775
"Anchoring3","ku","md",1.77000724173186,0.0743049743240248,1.75175974439441,0.0727808102210876,0.662439370250568,0.00327759494332923
"Anchoring3","laurier","md",2.963991274013,0.0995382678452145,2.93712730476213,0.0977421254630713,0.826738824850777,0.000775761698794425
"Anchoring3","lse","md",2.731875767399,0.0297450150645548,2.72392656536002,0.0295721630426521,0.806805182155561,0.000316113658143088
"Anchoring3","luc","md",2.5344615804376,0.0530339190469074,2.52024964634169,0.052440813710654,0.78498434595746,0.000749399280768714
"Anchoring3","mcdaniel","md",2.24429741849233,0.0744519180074888,2.22466799500698,0.0731552475725735,0.745198336533876,0.0016231285720502
"Anchoring3","msvu","md",4.54468096376515,0.298569998259535,4.47177164349084,0.289067055422655,0.909719025378714,0.000355619318330372
"Anchoring3","mturk","md",2.33279901148437,0.00714895791646545,2.33093525728079,0.00713753937775813,0.758934066252039,0.000136040116536438
"Anchoring3","osu","md",2.55265174885667,0.0780481506468884,2.53155545341158,0.0767634293637861,0.787147446045723,0.00107391562307821
"Anchoring3","oxy","md",2.11643256509831,0.0592825012214484,2.10127910997827,0.0584366261947641,0.722417307114275,0.00157890304678817
"Anchoring3","pi","md",1.96700876826274,0.00492962480560678,1.96578117801835,0.00492347366783958,0.70117047420401,0.000161879255621278
"Anchoring3","psu","md",3.60170058616331,0.120536231004722,3.56982712964859,0.118412286140123,0.874241002161754,0.000394542454157824
"Anchoring3","qccuny","md",3.24864305362243,0.0997559503184379,3.22179476392307,0.0981139051011206,0.851547069093041,0.000517844302643077
"Anchoring3","qccuny2","md",2.69554462179337,0.0991383788035356,2.6684990235814,0.0971589601598481,0.803062602733911,0.00110949555134794
"Anchoring3","sdsu","md",2.86523155696998,0.054424733671394,2.85058812482193,0.0538698547084356,0.819841085749253,0.000478977002577263
"Anchoring3","swps","md",1.94676273939629,0.118424862625016,1.91854878665141,0.115017131858449,0.676143329899116,0.00420942110053432
"Anchoring3","swpson","md",0.660289577209023,0.0306628916294672,0.656641568495161,0.0303250111045065,0.3130259125512,0.00560702006863969
"Anchoring3","tamu","md",2.42718182086675,0.0398942913037342,2.41670477703567,0.0395506234892011,0.76881183171136,0.000669330672353442
"Anchoring3","tamuc","md",3.1722385804199,0.114724082940788,3.14123950634413,0.112492873654425,0.844961912564865,0.000665960990080233
"Anchoring3","tamuon","md",1.75911572170813,0.0273268035946342,1.75254368289726,0.0271229996798523,0.660436254922296,0.00122447203757229
"Anchoring3","tilburg","md",1.73559635975658,0.102828360622023,1.7148521801579,0.100385001693575,0.606466789406069,0.00501805918113383
"Anchoring3","ufl","md",2.65017460698614,0.0631260101649813,2.63314993071,0.0623175744053108,0.798198007309251,0.000754061152333159
"Anchoring3","unipd","md",1.02815756232518,0.0447781751201924,1.02042705433778,0.0441073505169446,0.455457689857228,0.00551957385778655
"Anchoring3","uva","md",2.33305840604489,0.0887719456713462,2.3093323883563,0.086975595239548,0.758212227954769,0.00169440546707798
"Anchoring3","vcu","md",3.84944982478558,0.11410732617027,3.81991440413505,0.112363036027872,0.887340728813926,0.000274114199599556
"Anchoring3","wisc","md",2.73603329063727,0.0851350671943459,2.71291188254738,0.0837022445201209,0.807155132301909,0.000899884548747607
"Anchoring3","wku","md",2.82533747769468,0.0819729946277613,2.80320689692945,0.0806938517833562,0.814769307580476,0.000770314749097553
"Anchoring3","wl","md",2.53661336487742,0.0840218112576539,2.51389742429643,0.0825236812124183,0.78494636981106,0.00118551582927902
"Anchoring3","wpi","md",2.29879937174355,0.0816541361129265,2.27744829398741,0.0801443849549375,0.749007891867519,0.00167052318278736
"Anchoring4","abington","md",2.00176609169714,0.0845841536094934,1.98112932786521,0.0828491401493348,0.692849869940489,0.00273954807965885
"Anchoring4","brasilia","md",2.00008510890905,0.0769589974408619,1.98028228604856,0.0754426011575943,0.707005556678109,0.00240545225111276
"Anchoring4","charles","md",2.14726452378449,0.0872206886634215,2.12450200233095,0.0853812882070228,0.729144873754182,0.00220603779763386
"Anchoring4","conncoll","md",2.71880450476222,0.0929789843076594,2.69386134416807,0.0912807737534332,0.801516247022856,0.00103318903560167
"Anchoring4","csun","md",2.06799592281517,0.0731020527177141,2.04902348315632,0.0717668835030231,0.71872704849464,0.0020636115923829
"Anchoring4","help","md",2.74704864047336,0.0916120824170844,2.72215091865639,0.0899589660076086,0.807949712171731,0.000955413415970425
"Anchoring4","ithaca","md",3.18272264286244,0.104199887953113,3.15455695575746,0.102363802528299,0.846688850450938,0.000591088187397929
"Anchoring4","jmu","md",2.29573025702285,0.0420111015342011,2.28467537617042,0.0416074743957471,0.753897093361716,0.000844088907853835
"Anchoring4","ku","md",2.28679259705992,0.0729507660966323,2.26746758919744,0.0717230051373706,0.751761536051665,0.00149081799779447
"Anchoring4","laurier","md",2.41846295871263,0.0700475825646676,2.39971518383889,0.0689657828699906,0.77022706148447,0.00117545910921213
"Anchoring4","lse","md",2.41997603874337,0.0280515472792731,2.412560381832,0.0278798910951231,0.770799561855224,0.000468799679908874
"Anchoring4","luc","md",2.61354475149943,0.0585376716318569,2.59820104454346,0.0578523584545231,0.787112113927983,0.000768518367638471
"Anchoring4","mcdaniel","md",2.50610038001584,0.0859952725082273,2.48310863341019,0.0844246156498581,0.778462026899867,0.00128806585279111
"Anchoring4","msvu","md",2.40283967411822,0.08677610746054,2.37995548674567,0.0851311000719457,0.763068377403032,0.00152708024256463
"Anchoring4","mturk","md",2.3334620246952,0.00723894059154766,2.33157360115215,0.00722722867663928,0.759175747584509,0.000137523554535521
"Anchoring4","osu","md",2.42923870658733,0.0747426116288294,2.40916235364032,0.0735123015815274,0.771997896157324,0.00123215184072443
"Anchoring4","oxy","md",2.30163703382063,0.0599017224599278,2.28576367496669,0.059078340876531,0.754823458876183,0.00119256238130766
"Anchoring4","pi","md",2.19368241153635,0.00547138198552319,2.1922830819096,0.00546440392439583,0.737339572631943,0.000128719200233801
"Anchoring4","psu","md",3.5159655417869,0.121310687554849,3.48370897718335,0.119095013857399,0.868971671050086,0.000444382474286806
"Anchoring4","qccuny","md",3.02060863769769,0.0942214359798652,2.99508236751997,0.0926356897730547,0.833412033171888,0.000669094935459569
"Anchoring4","qccuny2","md",2.4915682034863,0.100258984894042,2.46552393655091,0.0981739329798086,0.768069463697779,0.0016021134006026
"Anchoring4","sdsu","md",2.84697767180018,0.0576915421073802,2.83180727568047,0.0570783502641407,0.811683689510889,0.000545831111807521
"Anchoring4","swps","md",2.98431929934185,0.128132686527278,2.94920966052606,0.125135534413353,0.830586539547323,0.000954586944970001
"Anchoring4","swpson","md",2.30223017222972,0.0482137344009474,2.28951066851574,0.0476824576353193,0.754783835590961,0.000959541826665557
"Anchoring4","tamu","md",2.46622396787895,0.0436956437453051,2.45471747969289,0.043288859516112,0.773589266813587,0.000693256756174101
"Anchoring4","tamuc","md",2.68759279831486,0.101513533295897,2.66062698428495,0.0994866917959898,0.795016387005374,0.00120260855905132
"Anchoring4","tamuon","md",2.43581311279437,0.0333861429250795,2.42697703136948,0.0331443611525447,0.772426080110524,0.000546227324584588
"Anchoring4","tilburg","md",2.50048104101809,0.114100782675257,2.47106361700611,0.111431850872888,0.765965220416389,0.0018288778024651
"Anchoring4","ufl","md",3.88450871891126,0.102234963040084,3.85820279079223,0.100854979360712,0.888895339280545,0.000235781022293017
"Anchoring4","unipd","md",2.17816070522113,0.0630727985147309,2.1621054666077,0.0621464052447061,0.728821745119303,0.00155208343067174
"Anchoring4","uva","md",3.10569240012253,0.118414722673746,3.07367495269858,0.115985767261265,0.838954598508789,0.000757886921231458
"Anchoring4","vcu","md",2.94562784646504,0.0864997108734001,2.92231153105767,0.0851357420544121,0.82562639964076,0.000688670260113319
"Anchoring4","wisc","md",3.20780229141894,0.104132723401851,3.17974571161061,0.102319125749084,0.848023420546978,0.000574058307762757
"Anchoring4","wku","md",3.22327754969183,0.103513836056854,3.19603858448317,0.101771698812049,0.843151180967274,0.000591968129506485
"Anchoring4","wl","md",2.3662439311775,0.0827839538949546,2.3442664333647,0.0812533128741132,0.760908225429758,0.00151738019635612
"Anchoring4","wpi","md",2.01290849202161,0.07582880423788,1.99349136830436,0.0743729250651073,0.707604528567227,0.00233605589874857
"Flagpriming","abington","md",0.0675717426103825,0.048395804033355,0.0669441412858279,0.0475009856608954,0.0337053497471606,0.0120140054696975
"Flagpriming","brasilia","md",-0.00254996090414583,0.0333704386613286,-0.00253371911494745,0.0329466913571379,-0.00127427089817357,0.00833329950491224
"Flagpriming","charles","md",-0.0300397104779217,0.0499162447748423,-0.0297641168038123,0.0490045517257605,-0.0146693807647434,0.0118983585211794
"Flagpriming","conncoll","md",-0.45106401201288,0.0441225203963205,-0.447376840252556,0.0434041195823777,-0.218817588004816,0.0094130582792609
"Flagpriming","csun","md",-0.0661951201526536,0.0425764989038937,-0.065654015628245,0.0418832703395994,-0.0330794466207487,0.0106092209535983
"Flagpriming","help","md",-0.115328978238496,0.0398312817400781,-0.11446184306377,0.039234566851666,-0.0571703774617747,0.00972402174462594
"Flagpriming","ithaca","md",-0.171606724092714,0.0451603874655397,-0.170123092472316,0.0443828917366817,-0.0854410176023899,0.011032089569062
"Flagpriming","jmu","md",0.0435436644344162,0.0233117448376573,0.0433512771099637,0.0231062051074271,0.021743128118233,0.0058070845227159
"Flagpriming","ku","md",0.143439512709727,0.0364691836202359,0.142441093827756,0.0359632588772094,0.0715242469919792,0.00897511799481248
"Flagpriming","laurier","md",0.0430059819198421,0.036117634984957,0.0427093889410846,0.0356211785516323,0.0214762100709054,0.00899862483256949
"Flagpriming","lse","md",0.0441516374397166,0.014572308872562,0.0440302305539979,0.0144922780369023,0.0220527866231473,0.00363194421626421
"Flagpriming","luc","md",0.064492047600029,0.0277602281072675,0.0641532102220954,0.0274692932265546,0.032136493702657,0.00687876032443502
"Flagpriming","mcdaniel","md",0.0943354693287107,0.0408787373168714,0.0935965492034206,0.0402408474292976,0.0471055619214056,0.0101475766016673
"Flagpriming","msvu","md",0.0890871558380592,0.0472689076418417,0.0882797193803125,0.0464159523894442,0.0444225502390923,0.0117067573771313
"Flagpriming","mturk","md",0.0946538651031851,0.00407815189984792,0.0945814074366096,0.00407191062760856,0.047272453824301,0.00101265098760376
"Flagpriming","osu","md",0.276274296429861,0.0450939014834509,0.274087428648094,0.0443828392737753,0.131525309903342,0.0098695736922268
"Flagpriming","oxy","md",-0.00552055994465143,0.0331145211196504,-0.00548569325026415,0.032697553343469,-0.00275791184149948,0.00826430566050736
"Flagpriming","pi","md",0.0257131149947838,0.00303080393028527,0.0256984803248949,0.00302735493604932,0.0128549639500237,0.000757262825278441
"Flagpriming","psu","md",0.0170213804286419,0.0439629445657504,0.0168775377771322,0.0432230484703411,0.00850986818035654,0.0109870216027185
"Flagpriming","qccuny","md",-0.222254303179851,0.0406906561437295,-0.220531401604814,0.0400622384627645,-0.11039717024491,0.00979623564534595
"Flagpriming","qccuny2","md",0.0210003908478473,0.0478629545745707,0.0208100549791357,0.0469992798984184,0.0104113343469975,0.0117615180446057
"Flagpriming","sdsu","md",-0.113264697192751,0.025181510776602,-0.112726196255226,0.0249426361349288,-0.0563830092205401,0.0062004536703246
"Flagpriming","swps","md",0.191392529353248,0.0523738521786181,0.189497553815097,0.0513418803829214,0.0944819900179461,0.0125364346845689
"Flagpriming","swpson","md",-0.221081772110113,0.0239139459117548,-0.220087401321012,0.0236993117310364,-0.109641466152287,0.00574103564856562
"Flagpriming","tamu","md",-0.270289930170925,0.0228798327982518,-0.269162155775219,0.0226893006687556,-0.131877652962209,0.00525891771921558
"Flagpriming","tamuc","md",0.268975268347239,0.0475697489406365,0.266566534600846,0.0467215683424613,0.132399410589552,0.0111254403593782
"Flagpriming","tamuon","md",-0.028688511414352,0.0183752547309957,-0.0285887831012083,0.0182477229839648,-0.0143331213213559,0.00458480040591045
"Flagpriming","tilburg","md",0.205578821203494,0.0511040359740661,0.203569907641244,0.0501101400394624,0.102047792182261,0.0123314170641466
"Flagpriming","ufl","md",-0.115124331713024,0.0326191483627182,-0.114426608490521,0.0322249628783717,-0.0567408325379847,0.00787279292671714
"Flagpriming","unipd","md",0.489104833675718,0.0290337201627274,0.486479941902861,0.0287229243257186,0.237463107144438,0.00609364725134196
"Flagpriming","uva","md",-0.149178879272693,0.0506441401176821,-0.147739854713793,0.0496717952474002,-0.0740120081056424,0.0123295685818308
"Flagpriming","vcu","md",-0.0718279951764545,0.0381232616680762,-0.07130370324086,0.0375687488844764,-0.0358892331154148,0.00949317356548971
"Flagpriming","wisc","md",-0.0295955126906948,0.0438642590931829,-0.0293561958764843,0.0431577322413758,-0.0144972572657996,0.0105207859175582
"Flagpriming","wku","md",0.109880696267766,0.0409700695323853,0.109028907924605,0.0403373366515594,0.0545189520984861,0.0100261299581005
"Flagpriming","wl","md",-0.092882475797743,0.0466941694651264,-0.0920794572749959,0.0458902676529595,-0.0455388623301734,0.0111777991772822
"Flagpriming","wpi","md",0.0848108996911186,0.0471909419274037,0.0840513990968698,0.0463495155536302,0.0420804890001004,0.0115765040648026
"Gainloss","abington","md",0.615630822344139,0.066352216690453,0.609912889009673,0.0651253916849811,0.293705159956209,0.0126089977276676
"Gainloss","brasilia","md",0.581979972206071,0.0446352337517038,0.578209043660459,0.0440586813478652,0.278474111689709,0.00869599140778647
"Gainloss","charles","md",0.107679358683216,0.0638716217295355,0.106679240800709,0.0626906618975015,0.0520173868878599,0.0148247256418099
"Gainloss","conncoll","md",0.932669866374826,0.0647834404375965,0.924788149194194,0.063693135520571,0.420088029834894,0.00891340029661897
"Gainloss","csun","md",0.616402451434997,0.0563914280000341,0.611363739297926,0.0554732654061766,0.293553742933378,0.0106803831536803
"Gainloss","help","md",0.667627025083497,0.058954935219862,0.662451621788276,0.0580444479684045,0.314167559292712,0.0106050460445117
"Gainloss","ithaca","md",0.786810483993455,0.0628191338582494,0.780008087878238,0.061737619482346,0.363659684191259,0.0101049196076619
"Gainloss","jmu","md",0.8056540435902,0.0323076426370147,0.802094452823233,0.0320227860465608,0.37362840974543,0.00514387614532555
"Gainloss","ku","md",0.621678366293525,0.0479147026006097,0.617468354783636,0.0472679423766646,0.296564648309671,0.00907011473249797
"Gainloss","laurier","md",0.888489098854254,0.052439650198259,0.882304719975918,0.0517121725330822,0.403959286093411,0.00759087169092866
"Gainloss","lse","md",0.800099411717569,0.0209605843725724,0.797883069856856,0.0208446200895127,0.37080881440733,0.00334915015417235
"Gainloss","luc","md",0.782753179920861,0.0392836645110873,0.778611628704349,0.0388690640933868,0.361388642757327,0.00632920021951907
"Gainloss","mcdaniel","md",0.346745952296209,0.0515262888789469,0.344001261380935,0.0507137977078271,0.17074530813207,0.0117761776319563
"Gainloss","msvu","md",0.591619452417217,0.0627385407985281,0.586191751018894,0.0615926554897763,0.282473101816305,0.0121109057342722
"Gainloss","mturk","md",0.671967439333272,0.00537728390666245,0.671460294096039,0.00536917031459766,0.317820008375948,0.000972163085470605
"Gainloss","osu","md",0.733142362440664,0.0513045383066906,0.727842538133864,0.0505654669782604,0.344121608388423,0.00878469756656962
"Gainloss","oxy","md",0.30032383194249,0.0433648313563899,0.298410941293175,0.0428141724162889,0.147768991064544,0.0100449625929521
"Gainloss","pi","md",0.623905942433826,0.0041227899589185,0.623548676194601,0.00411806965785454,0.297617504062612,0.000779310730787108
"Gainloss","psu","md",0.695298081493336,0.0565089101417009,0.689675725039212,0.0555987143876439,0.328355209098518,0.0100316053428118
"Gainloss","qccuny","md",0.754545850554043,0.0547172482339166,0.748872573482208,0.0538975257633424,0.349152981952094,0.00903368042693599
"Gainloss","qccuny2","md",0.33522337900866,0.0623161989974161,0.331989712973207,0.0611197558099159,0.165255494684395,0.0143282658448115
"Gainloss","sdsu","md",0.460146098470081,0.0316188034159956,0.457972179894631,0.0313207488018616,0.224211197454371,0.00677124062676032
"Gainloss","swps","md",0.633976174945429,0.0712181267128116,0.627699183114286,0.0698148482627307,0.299901681867177,0.0131990159646296
"Gainloss","swpson","md",0.603668510090655,0.0358877408702523,0.600886627555675,0.0355577404073668,0.288836867544945,0.0069022184362586
"Gainloss","tamu","md",0.605696699608196,0.0288584442695587,0.603210940239079,0.0286220621036299,0.287409725588674,0.00546863292990907
"Gainloss","tamuc","md",0.533457032426636,0.0607241469784267,0.528679805270577,0.0596414201519278,0.256674730977442,0.0122668293237543
"Gainloss","tamuon","md",0.540759508660336,0.0231561121782593,0.538930558800155,0.0229997404554244,0.260920244927201,0.0046819925477266
"Gainloss","tilburg","md",1.14374696991542,0.0898781435598686,1.13271404094518,0.0881525233471881,0.492179905450644,0.00955661468384348
"Gainloss","ufl","md",1.25644045699526,0.0549073884621601,1.24888670675281,0.0542491639788867,0.530998374908612,0.00505628450010154
"Gainloss","unipd","md",0.96579267208749,0.046806312101281,0.960646352342796,0.046308817187049,0.431014862049108,0.00618032391316173
"Gainloss","uva","md",0.907436414782508,0.0751355790386687,0.89856895796053,0.0736743060662458,0.411829407720783,0.0106713411156257
"Gainloss","vcu","md",0.354827069797575,0.0485185463771987,0.35228654185153,0.0478262573228251,0.171389059363625,0.0106645892997376
"Gainloss","wisc","md",1.16006995909306,0.068206455329964,1.15078939942032,0.0671195172578257,0.496461927691482,0.00709291879367384
"Gainloss","wku","md",0.773220703469378,0.0566972236064163,0.767407013969608,0.0558478390026682,0.35908679722936,0.00927783282365824
"Gainloss","wl","md",0.551148247444262,0.0608367628739428,0.546437578662687,0.059801262417399,0.26512157150485,0.0121678791277036
"Gainloss","wpi","md",0.740036358028951,0.0652885347155612,0.73348736371011,0.0641380984785026,0.342440549910666,0.0108933473072287
"Gamblersfallacy","abington","md",0.596235818505242,0.0522218571954289,0.590484347587185,0.0512192208619345,0.285692734196846,0.0101125130113122
"Gamblersfallacy","brasilia","md",0.35717253020284,0.0360403862748826,0.354775399127653,0.0355582460684216,0.174858035530778,0.00811769367335242
"Gamblersfallacy","charles","md",0.895900258395239,0.0648331292105971,0.886266922283462,0.0634463643933974,0.397910588858881,0.00906002551220775
"Gamblersfallacy","conncoll","md",0.627415645101883,0.051425761424378,0.621588255209296,0.0504749203946775,0.296918095431883,0.00957591573439651
"Gamblersfallacy","csun","md",0.521830706938346,0.0471148515409194,0.517470004651954,0.0463307068139599,0.246797579882188,0.00929385028748735
"Gamblersfallacy","help","md",0.520567895930255,0.0432414764754836,0.516403352762813,0.0425523803063703,0.251429939085962,0.00885233256420973
"Gamblersfallacy","ithaca","md",0.78948211746077,0.0537842893153039,0.782326690414298,0.0528137656802845,0.357260782861706,0.00838180844098219
"Gamblersfallacy","jmu","md",0.718821187398464,0.0260237365638818,0.715488167982397,0.0257829631172719,0.337871727787249,0.00451174802739158
"Gamblersfallacy","ku","md",0.531113918628219,0.0400466396258638,0.527199074019166,0.0394584472781302,0.255950593447839,0.00812178812464209
"Gamblersfallacy","laurier","md",0.967536230208927,0.0421649781113958,0.960541992400188,0.0415575673946336,0.435423080017565,0.00560849564926491
"Gamblersfallacy","lse","md",0.647405188281129,0.016578132869662,0.645484104636378,0.0164798922985441,0.307349081910585,0.00306379050770043
"Gamblersfallacy","luc","md",0.531200908915043,0.029732693486114,0.528350099028201,0.02941441538373,0.254307839898889,0.00596160998466703
"Gamblersfallacy","mcdaniel","md",0.514048459418489,0.04630484632842,0.509800125043129,0.0455426396509288,0.243998547217084,0.0092273673569024
"Gamblersfallacy","msvu","md",0.343482143952105,0.0556128868816126,0.339840990482648,0.0544400645721438,0.169247578902582,0.0127399648407831
"Gamblersfallacy","mturk","md",0.620926226228165,0.00428111508471221,0.620450420690825,0.00427455650262679,0.296265933601039,0.000811046386839802
"Gamblersfallacy","osu","md",0.112177924134663,0.038186284925598,0.111359107170177,0.0376308554522809,0.055978152010651,0.00944938799213676
"Gamblersfallacy","oxy","md",1.19657014939675,0.0485325715259403,1.18757338135617,0.047805502078579,0.502680155723573,0.00478349293373919
"Gamblersfallacy","pi","md",0.724484029112042,0.00362507903843874,0.724031885969264,0.00362055570016012,0.336804188718486,0.000615791883585399
"Gamblersfallacy","psu","md",0.61001875637967,0.0489703576317131,0.604977279054218,0.0481642749741595,0.280181889198607,0.00877234925174617
"Gamblersfallacy","qccuny","md",0.421989990836793,0.0445784085760386,0.418502470251365,0.0438446201417222,0.205061519503937,0.00965993224873649
"Gamblersfallacy","qccuny2","md",0.340798482788184,0.0512309480417426,0.337511037616594,0.0502473367214138,0.16715957991965,0.0116461853232411
"Gamblersfallacy","sdsu","md",0.618471505720168,0.0267245215538053,0.615512311912895,0.026469396316564,0.293498634264852,0.00502621055117852
"Gamblersfallacy","swps","md",0.115644627220959,0.0514015181903834,0.114499630911841,0.0503887052155508,0.0577069769825301,0.0127140631105413
"Gamblersfallacy","swpson","md",0.595726762289807,0.027409700983815,0.592782478456414,0.0271394344240627,0.284048748598489,0.00526654459436421
"Gamblersfallacy","tamu","md",0.750303247098819,0.0244693372506494,0.747101384024428,0.0242609407210678,0.348431462867292,0.00407343928946194
"Gamblersfallacy","tamuc","md",0.756369304374075,0.0546678113190755,0.74916578718956,0.0536314782065416,0.348363510691802,0.00895269904757893
"Gamblersfallacy","tamuon","md",0.594583506190515,0.0196507748995867,0.592477543358671,0.019511818765686,0.284037155420409,0.00379001061318056
"Gamblersfallacy","tilburg","md",0.694243040574127,0.0599615578657876,0.686986144679624,0.0587145577975084,0.320977681420916,0.0103123719228971
"Gamblersfallacy","ufl","md",0.380594364284883,0.0348095577934246,0.378106819420276,0.0343560179101748,0.186935819585872,0.00782101254642768
"Gamblersfallacy","unipd","md",0.769694093888315,0.0350951914671659,0.765029281198082,0.0346710842865342,0.35434767214907,0.00568758957659917
"Gamblersfallacy","uva","md",1.11890874270864,0.0601566164718961,1.10768223358447,0.0589555162559887,0.487958416190184,0.00664127931002837
"Gamblersfallacy","vcu","md",0.717433880384235,0.0401771715828877,0.712247611369409,0.0395983963603756,0.337596847281293,0.00698405441628325
"Gamblersfallacy","wisc","md",0.791498069785367,0.0459047467174455,0.785028058315732,0.0451573277778784,0.367908660073276,0.00741501058220858
"Gamblersfallacy","wku","md",0.44444174468511,0.0447118816546151,0.440923736151982,0.0440068433163432,0.211022150900177,0.00920201940845977
"Gamblersfallacy","wl","md",0.0722355596374588,0.0465419649771868,0.0715886740287651,0.0457121100258003,0.0360942451279983,0.0115900745013161
"Gamblersfallacy","wpi","md",0.986769009014805,0.0540995339452321,0.977716082326596,0.0531114353957736,0.439925321344134,0.00699346258171073
"IAT","abington","corr",0.389164504270766,0.0561006623160042,0.385152499072098,0.0549499100759161,0.191,0.0125455251805541
"IAT","brasilia","corr",0.988263962153771,0.0452424150808352,0.981448348621676,0.0446205336083804,0.443,0.00587286972728182
"IAT","charles","corr",0.587858590845079,0.0557125349080816,0.582114044354736,0.0546290106639356,0.282,0.0108625136740513
"IAT","conncoll","corr",1.14549049981851,0.0640017889780055,1.13498141266421,0.0628328311286471,0.497,0.00683127043471084
"IAT","csun","corr",0.376498928473267,0.0493065647993038,0.373086551478041,0.0484168405488111,0.185,0.0111038256026786
"IAT","help","corr",0.725483063842204,0.0491991921295856,0.719487336041855,0.0483893427133414,0.341,0.00848868772783695
"IAT","ithaca","corr",0.847075820368799,0.0575309444567497,0.839208243089832,0.0564672211213677,0.39,0.00876749280487805
"IAT","jmu","corr",1.148554408666,0.0336656786687729,1.14305893302645,0.0333442897810442,0.498,0.00357910116465823
"IAT","ku","corr",0.603763117406094,0.0436452990193992,0.59917757474225,0.0429848500465756,0.289,0.00839933757441
"IAT","laurier","corr",0.841959646545415,0.0480499596572539,0.835432827579946,0.0473078864866563,0.388,0.00736301526465306
"IAT","lse","corr",0.779146235375206,0.0178568560313929,0.776870248319582,0.0177526840259193,0.363,0.00292180259442248
"IAT","luc","corr",1.00219951876378,0.0384954144262336,0.996361463314675,0.0380482304433993,0.448,0.00491441612012308
"IAT","mcdaniel","corr",0.920251787491612,0.0563588761904826,0.912107966363367,0.0553657876837195,0.418,0.00791954042065116
"IAT","msvu","corr",1.04759892237503,0.0894291842484443,1.03350566332963,0.0870392028318427,0.464,0.0108028134669474
"IAT","mturk","corr",0.687311374289058,0.00514068612095071,0.686718011951542,0.00513181394750654,0.325,0.000919432920258621
"IAT","osu","corr",0.520807911710949,0.0496655916383805,0.516198992138285,0.0487904441625691,0.252,0.0101979623025116
"IAT","oxy","corr",0.834311597441173,0.0430832646020628,0.828504324141119,0.0424855849336743,0.385,0.00665615275802752
"IAT","pi","corr",0.747264717757073,0.00386961337725344,0.746788449613187,0.00386468236357484,0.35,0.000653655560271647
"IAT","psu","corr",0.859928415764559,0.0557585515322276,0.8522275642801,0.0547643625225062,0.395,0.00837992706617647
"IAT","qccuny","corr",0.952561456508692,0.0533410144394126,0.944689047777215,0.0524629880423155,0.43,0.00722160880434783
"IAT","qccuny2","corr",NA,NA,NA,NA,NA,NA
"IAT","sdsu","corr",0.737555473557947,0.0307026221390222,0.73378602480041,0.0303895982988788,0.346,0.0052358102747027
"IAT","swps","corr",0.628970902033151,0.061050061050061,0.622303365969195,0.0597625739655232,0.3,0.0115013888888889
"IAT","swpson","corr",0.914924539389806,0.0300440180917866,0.910629119017084,0.0297625768502118,0.416,0.00424743092631056
"IAT","tamu","corr",0.612898624490451,0.0251473834707028,0.610237704268351,0.0249295010305255,0.293,0.00480271293563793
"IAT","tamuc","corr",0.663792570556192,0.0548224762558716,0.65755000719673,0.0537961811401845,0.315,0.0100172296373457
"IAT","tamuon","corr",1.02474238804768,0.0257658008258248,1.02079601171374,0.0255677300612383,0.456,0.003200843776
"IAT","tilburg","corr",0.713480329648293,0.0601207224106005,0.706224597482378,0.0589041456548973,0.336,0.0104927134242133
"IAT","ufl","corr",1.49609923155399,0.0511337123824298,1.4868066897431,0.0505004836615178,0.599,0.00336996850492623
"IAT","unipd","corr",1.09430580621013,0.0406055093555093,1.08783062392486,0.040126392495007,0.48,0.00462722
"IAT","uva","corr",1.2898949911886,0.0735562219258887,1.27712375365208,0.0721068737632474,0.542,0.00647752321683117
"IAT","vcu","corr",0.941724535982159,0.0514404747544296,0.934190739694301,0.050620719348743,0.426,0.00705243724816842
"IAT","wisc","corr",1.30684194138548,0.0663701844158626,1.29527696845287,0.0652006886453583,0.547,0.00571055843815116
"IAT","wku","corr",0.801523127126126,0.0527549923104323,0.794593532367111,0.0518467454263993,0.372,0.00843616058472727
"IAT","wl","corr",0.642835864393448,0.0501504312335281,0.637278205623476,0.0492870253091611,0.306,0.00933517841472727
"IAT","wpi","corr",0.682587390978074,0.0565307031180032,0.676002946692112,0.0554453388673221,0.323,0.0101547663321646
"Imaginedcontact","abington","md",0.114955815681903,0.0494904244651627,0.11390117517106,0.0485865087923287,0.0563359803947741,0.0118105449117107
"Imaginedcontact","brasilia","md",0.0821479196459303,0.0335102606934018,0.0816246844889498,0.0330847378893516,0.0409482094058222,0.00829844775857849
"Imaginedcontact","charles","md",-0.00936008994039253,0.048980113332471,-0.00927421755561829,0.0480855182147918,-0.00461453744036642,0.0119041281668737
"Imaginedcontact","conncoll","md",0.208930339224166,0.042377040471922,0.207240875564672,0.0416944684277909,0.103848520340147,0.0102449546993942
"Imaginedcontact","csun","md",0.0288928089506567,0.0416891068975342,0.0286616664790514,0.041024749290015,0.0144417628094304,0.0104112362053247
"Imaginedcontact","help","md",-0.22070735026034,0.0394544692865634,-0.219047896498984,0.0388633994487581,-0.109687810769695,0.00951186372109409
"Imaginedcontact","ithaca","md",0.682036486985399,0.0471167084180547,0.676207115301763,0.0463147365383406,0.322480723415983,0.00845647282009125
"Imaginedcontact","jmu","md",0.181715495777961,0.0233911778932923,0.180921978329149,0.0231873341775502,0.0898901727447491,0.00563177993671179
"Imaginedcontact","ku","md",-0.162751403528165,0.0355404011176072,-0.161649249553933,0.0350606711696302,-0.0810791967434449,0.00870488228528039
"Imaginedcontact","laurier","md",0.0220822083905738,0.0357164626068188,0.0219313049163785,0.0352299784439984,0.0110404312684878,0.0089258509098884
"Imaginedcontact","lse","md",0.179098358501275,0.0145000265335716,0.178609463983073,0.0144209715611684,0.0891870849441983,0.00353877419127399
"Imaginedcontact","luc","md",0.152327306762877,0.027481866814682,0.151532555597158,0.0271958475974137,0.0759366161603712,0.00675103069852657
"Imaginedcontact","mcdaniel","md",0.189640606025303,0.0411533872137847,0.188155170468969,0.0405112115678102,0.0942213835439932,0.00997921534069012
"Imaginedcontact","msvu","md",0.328845615128787,0.0477536309743555,0.325865141275656,0.0468919290143852,0.162145882309106,0.0110075901058692
"Imaginedcontact","mturk","md",0.262114049862881,0.00403954261475019,0.261917021010566,0.00403347191912971,0.129862994051198,0.000958405424543753
"Imaginedcontact","osu","md",-0.107723903457445,0.0374668137648122,-0.106952610592594,0.0369322168527369,-0.0537629089082679,0.00927841655510849
"Imaginedcontact","oxy","md",0.293784785182027,0.0331406127049363,0.291944796965856,0.0327267901736553,0.145332810340353,0.00777117598626012
"Imaginedcontact","pi","md",0.154724235532494,0.00302108891912429,0.154636705321935,0.00301767172013014,0.077131301779462,0.000741865653080807
"Imaginedcontact","psu","md",0.294446721632633,0.0427914257165287,0.29206575083776,0.0421021791198493,0.145265751156034,0.0099803216416213
"Imaginedcontact","qccuny","md",-0.287718038876089,0.0401110681086387,-0.285532838580828,0.0395040997907121,-0.142222064678051,0.00940837965734294
"Imaginedcontact","qccuny2","md",0.325848833925775,0.048216958527605,0.322895521231584,0.0473468959413829,0.159923420516471,0.0110277776096853
"Imaginedcontact","sdsu","md",0.301872607245301,0.0249726144166823,0.300455364957765,0.0247386802077051,0.149245835386884,0.00583519115128033
"Imaginedcontact","swps","md",0.346709671391876,0.0517943993023843,0.343321629000425,0.05078707684887,0.170154929636851,0.0117630712981783
"Imaginedcontact","swpson","md",0.0931636341425969,0.0242507776607655,0.0927420792369743,0.0240318101345396,0.0461315200521239,0.00592076642910921
"Imaginedcontact","tamu","md",-0.0854638697395273,0.0214105156514178,-0.0851169257487037,0.021237034807873,-0.0426923642410164,0.00532326227850091
"Imaginedcontact","tamuc","md",-0.1133014030798,0.0471008040841526,-0.112298735795908,0.0462708502178409,-0.0559270143602382,0.0114045974024632
"Imaginedcontact","tamuon","md",0.315676903920122,0.0182995460643925,0.314614018721737,0.0181765242546431,0.154639129089153,0.00418379422262277
"Imaginedcontact","tilburg","md",-0.522358842140272,0.0519882082302787,-0.517320010865607,0.0509900578525569,-0.252036125489268,0.0106142057783665
"Imaginedcontact","ufl","md",0.118561167573365,0.0318849154720669,0.117848374982744,0.0315026821770836,0.0588669322455023,0.0078059898168465
"Imaginedcontact","unipd","md",0.168946401850309,0.0281060674398424,0.168046154593558,0.0278073336797433,0.0841223110762239,0.0068699900017682
"Imaginedcontact","uva","md",0.0367316046586367,0.0506966889121731,0.0363817798523639,0.0497356360339287,0.0181247457876669,0.0123355425900065
"Imaginedcontact","vcu","md",0.000858873356808293,0.0383512579273122,0.000852723905566229,0.037804041284049,0.000423981996490896,0.00934579019250683
"Imaginedcontact","wisc","md",0.0821525550563785,0.0417199102719781,0.0814953346159275,0.0410550617818838,0.0410327755470821,0.0103728796412069
"Imaginedcontact","wku","md",-0.208107377578682,0.0394932263975106,-0.206558191145094,0.0389074264579038,-0.102909311273779,0.00945386310949579
"Imaginedcontact","wl","md",0.0250544864616797,0.0445358970720129,0.0248403455517508,0.0437778530937983,0.0125138845935614,0.0111067617308273
"Imaginedcontact","wpi","md",0.143618553196943,0.0479207396919816,0.142347592549183,0.0470763379040032,0.0702510256221096,0.0113529958152229
"Mathartgender","abington","md",0.801793475709326,0.0647090897513974,0.793748725116925,0.0634170938541899,0.348144288083509,0.00942181355589134
"Mathartgender","brasilia","md",0.366846936645067,0.036813420730895,0.364362645877719,0.0363165073631014,0.178426044671732,0.00816302014531549
"Mathartgender","charles","md",0.922307247547788,0.0680124913828851,0.913410393069835,0.0667066819258074,0.380796172816772,0.00847518143192096
"Mathartgender","conncoll","md",0.489215240713722,0.053418080779967,0.48483420870733,0.0524656229529168,0.225331890859373,0.0102110987179815
"Mathartgender","csun","md",0.0184574037190522,0.076390824546571,0.0182959687011013,0.0750603857030966,0.00711874070746154,0.0113621967495795
"Mathartgender","help","md",0.18705072077216,0.0503873897093369,0.185570108206681,0.0495928572451265,0.0844572130603294,0.0101264848083892
"Mathartgender","ithaca","md",0.598078011212646,0.0749404075193368,0.592847008199125,0.0736352294472145,0.229798885145299,0.00992596386876355
"Mathartgender","jmu","md",0.82858731672105,0.0426881631112092,0.824815295552366,0.0423003846832473,0.303119578030834,0.00471133457820569
"Mathartgender","ku","md",0.864428079842987,0.0435735101177773,0.858118385829534,0.0429397220490388,0.388577198088942,0.00634662385850108
"Mathartgender","laurier","md",0.969720383017214,0.0417108233134154,0.962842933492269,0.041121278453948,0.434762686154697,0.00551419391824844
"Mathartgender","lse","md",0.782625349695023,0.017817837481663,0.780408280715717,0.0177170295510595,0.347795230751074,0.00271900613403864
"Mathartgender","luc","md",0.849699878518728,0.0608247106239413,0.84510690620241,0.0601689233859505,0.284225405585194,0.00575055554184186
"Mathartgender","mcdaniel","md",0.652559732959627,0.0664242554218158,0.64704514366701,0.0653063355983707,0.26086691218579,0.00921951194851512
"Mathartgender","msvu","md",0.38876070932091,0.13158069090837,0.383797806648728,0.128242627568168,0.136579816671471,0.0156402882873273
"Mathartgender","mturk","md",0.549896412031342,0.00467425981529871,0.549433925562014,0.00466640061565397,0.264263921462363,0.000933999024808058
"Mathartgender","osu","md",0.610194382164627,0.0520685399112515,0.60497904556493,0.0511822830773468,0.276439142537268,0.00911566634590798
"Mathartgender","oxy","md",0.616461379974945,0.044638742775518,0.612432220628704,0.0440571367032153,0.264970229260096,0.00712959462775696
"Mathartgender","pi","md",0.632078379469346,0.00373963368588601,0.150311321946979,0.000211480623000916,0.287845629105976,0.000652352567074952
"Mathartgender","psu","md",0.563475679296205,0.0819639152428674,0.558604131636584,0.0805527981644225,0.206392474041715,0.0100797289024842
"Mathartgender","qccuny","md",0.311775174682627,0.0666676933186689,0.309198520346407,0.0655703014677162,0.124723068106823,0.0103397040550305
"Mathartgender","qccuny2","md",0.695333978270856,0.530218083833623,NA,NA,0.328386565360964,0.0941295740841379
"Mathartgender","sdsu","md",0.460313979359393,0.0355463107935756,0.458053845254519,0.0351981041334303,0.194247396040411,0.00586122857064069
"Mathartgender","swps","md",0.41973867258778,0.0607669257245296,0.415470143714006,0.0595372726799918,0.193479806883392,0.0119630309952581
"Mathartgender","swpson","md",0.585070318325251,0.0288337907368285,0.582374141743107,0.0285686538388471,0.263536389323103,0.00506576321868116
"Mathartgender","tamu","md",0.399780618702164,0.025952279391463,0.398084237010359,0.025732501021067,0.183909351463442,0.00512688253229622
"Mathartgender","tamuc","md",0.66108297518279,0.0837607935045963,0.655017993759094,0.0822309481893453,0.24544521228854,0.0101969145589237
"Mathartgender","tamuon","md",0.118403436736782,0.0283908919652388,0.117971832471642,0.028184288222454,0.0486951287022372,0.00477924615270128
"Mathartgender","tilburg","md",0.106822973070511,0.0673145276922398,0.105765319871793,0.0659881655643955,0.04659369149762,0.0127510511654506
"Mathartgender","ufl","md",0.701290646181858,0.0448635966701581,0.697005774616592,0.0443170401873982,0.289852538273503,0.00643027304076676
"Mathartgender","unipd","md",0.75215129636428,0.0345721790138927,0.747869600180043,0.0341796882029554,0.339249869633557,0.0055074866837702
"Mathartgender","uva","md",1.13992177956202,0.0672316476955416,1.12906538166143,0.0659571429909278,0.461712145921473,0.00682840266555889
"Mathartgender","vcu","md",0.765357107533582,0.05755353857473,0.759544268742187,0.0566826274734646,0.309736991782246,0.00770419613456972
"Mathartgender","wisc","md",0.84706020526428,0.079775701417632,0.839901950008526,0.0784330768375345,0.306890878504049,0.00859195346356017
"Mathartgender","wku","md",0.338228751603448,0.053556390444786,0.33549374822121,0.0526937512775604,0.149112980537996,0.00995154277326935
"Mathartgender","wl","md",0.0940992049689354,0.0846356587230568,0.0932949382597992,0.0831950780756412,0.034084885139889,0.0110788694465687
"Mathartgender","wpi","md",0.526683901096409,0.0492702138790127,0.521851938701029,0.048370320232708,0.254659755437148,0.0100731679287899
"Moneypriming","abington","md",-0.00659718634473403,0.0477275317919612,-0.00653666169936949,0.0468558143945321,-0.00329483326389921,0.0119044388145251
"Moneypriming","brasilia","md",0.17566991022397,0.0334711781543158,0.174550993598339,0.0330461516314426,0.0874860203367199,0.00817485356546076
"Moneypriming","charles","md",-0.146852775727455,0.0478556402138136,-0.145505502555643,0.046981582985769,-0.0731466191300756,0.0117462036648602
"Moneypriming","conncoll","md",0.232634268761876,0.043466653460778,0.230753129122292,0.0427665308903045,0.114107836078753,0.0101872260272783
"Moneypriming","csun","md",0.0113422617234109,0.0417398004707253,0.0112515236296236,0.0410746350104239,0.00566611490944348,0.0104158306241251
"Moneypriming","help","md",-0.236309498352744,0.039625588023478,-0.234532735207234,0.0390319546453208,-0.117138139666374,0.00947129313179683
"Moneypriming","ithaca","md",0.00777657873552457,0.0467535827264514,0.00771011225060556,0.0459577915966929,0.00379103950510998,0.0111107118940198
"Moneypriming","jmu","md",0.117553122986771,0.0231043961821854,0.117039790571982,0.0229030516415538,0.0585786488066996,0.00569795910555596
"Moneypriming","ku","md",-0.126095952167575,0.0354935523114243,-0.125242029240933,0.035014454736033,-0.0629009478625403,0.00876230047941834
"Moneypriming","laurier","md",-0.1398954815806,0.035813047231685,-0.138939476011712,0.0353252475161212,-0.069766178045116,0.00882034843702905
"Moneypriming","lse","md",-0.162533812905939,0.0145715939453193,-0.162090135527669,0.0144921487833017,-0.080768286500536,0.00355153856843289
"Moneypriming","luc","md",-0.0686584846729602,0.0279869341417167,-0.0682977570827345,0.0276936233189605,-0.034072693383152,0.00687655395678769
"Moneypriming","mcdaniel","md",0.40594404666721,0.041930914959833,0.402764328286005,0.0412766064272024,0.198278200280407,0.00923240026189703
"Moneypriming","msvu","md",0.195449860968765,0.0473422263247277,0.19367841207781,0.0464879480555992,0.0972015777105221,0.0114889146643864
"Moneypriming","mturk","md",-0.064828217322372,0.00400726726714121,-0.064779437625365,0.00400123903592656,-0.0323924075562115,0.000998377408589722
"Moneypriming","osu","md",0.0958141399071191,0.0378253847047069,0.0951281198123188,0.0372856715070987,0.0475992277187777,0.00929295368837964
"Moneypriming","oxy","md",0.0356278254899991,0.0332296030925628,0.0354046867082246,0.0328146693498568,0.017693462565372,0.00819030778239487
"Moneypriming","pi","md",-0.0279719284391562,0.00301787482525019,-0.0279560803210604,0.00301445610581313,-0.0139823061705739,0.000753779271663624
"Moneypriming","psu","md",0.0142622983814046,0.0423361864600809,0.0141469698230644,0.0416542724563901,0.00711158420459362,0.0105249849320082
"Moneypriming","qccuny","md",0.0309521101835446,0.0399733482784255,0.0307193875505857,0.0393745050824402,0.0153277851126275,0.00979816429310698
"Moneypriming","qccuny2","md",0.133452274762043,0.0482907028644907,0.13224273752855,0.047419309580721,0.0657982261988624,0.0116378109473005
"Moneypriming","sdsu","md",-0.214787983022771,0.0248941073806344,-0.213779588736279,0.0246609085965138,-0.106651188627062,0.00599890019452941
"Moneypriming","swps","md",0.208114063166413,0.0519081101134693,0.206080375252735,0.0508985761572683,0.102500633998862,0.0123285346613482
"Moneypriming","swpson","md",-0.119475080524925,0.023898809846021,-0.118937711347152,0.0236843115156168,-0.0593967195761165,0.00586511802042747
"Moneypriming","tamu","md",-0.158831597062409,0.0214584391893711,-0.158186813853766,0.021284570040569,-0.0791654195351132,0.00526422739292113
"Moneypriming","tamuc","md",-0.260957031427129,0.0465207454421139,-0.258647677166712,0.0457010126733399,-0.12917154770147,0.0110211638310197
"Moneypriming","tamuon","md",0.177470249240813,0.0178481193715078,0.176872706314076,0.0177281323544539,0.0883869613322351,0.00435818305299682
"Moneypriming","tilburg","md",0.211268014452114,0.0502789635870659,0.209230059328781,0.0493136299430673,0.105049533279861,0.0121581797156251
"Moneypriming","ufl","md",-0.14937397067401,0.0315858606884289,-0.148475930770159,0.0312072124333819,-0.0744772492377083,0.00776530943589938
"Moneypriming","unipd","md",-0.029364221937686,0.0284485489385762,-0.0292066321956232,0.0281440171552053,-0.0146090202995507,0.00703849670710575
"Moneypriming","uva","md",0.296549089131458,0.0499933973657636,0.293724812092111,0.0490456767263582,0.146572534987812,0.011693942647408
"Moneypriming","vcu","md",-0.0574798355049506,0.0403623469261616,-0.0570682853700703,0.0397864349693486,-0.0276536446303097,0.00932793793671799
"Moneypriming","wisc","md",-0.203550624872965,0.0419005551396025,-0.201922219873982,0.0412328278928978,-0.101230516752824,0.0101519838068199
"Moneypriming","wku","md",0.177724077933862,0.0423318715371705,0.17640106990954,0.0417039661961301,0.0849588879646341,0.00953455320169345
"Moneypriming","wl","md",0.240286831032114,0.0447871685018745,0.238233097433549,0.0440248476412611,0.119256551745072,0.0107205309611661
"Moneypriming","wpi","md",-0.189665827071837,0.0466811010775707,-0.187987368425184,0.0458585427141552,-0.0939072958816711,0.011242629209952
"Quote Attribution","abington","md",0.218425285371429,0.0488950968568825,0.216421383670774,0.0480020545188686,0.107466488209034,0.0115642068512209
"Quote Attribution","brasilia","md",0.190833314650093,0.0365667227826849,0.189607404705874,0.036098423800471,0.0912916239912491,0.00822943886975416
"Quote Attribution","charles","md",0.288054845688053,0.0483571502092262,0.285412140681741,0.0474739331740102,0.142199667061157,0.0113126399986523
"Quote Attribution","conncoll","md",0.143992211621921,0.0426827497096466,0.142815163570516,0.0419877911747013,0.0717940623135641,0.010501777643508
"Quote Attribution","csun","md",0.791339647580022,0.0449463133736957,0.785008930399382,0.0442300489237725,0.367847956119854,0.00726145523078549
"Quote Attribution","help","md",0.19187779176909,0.0403854424124014,0.190435101605412,0.0397804256087784,0.0943287262080072,0.00958738452792502
"Quote Attribution","ithaca","md",0.542275209832614,0.048386926771019,0.537640378979343,0.0475633345482381,0.255578324367818,0.00938992695467342
"Quote Attribution","jmu","md",0.686667559620578,0.0244932183822119,0.683669011325292,0.0242797708735704,0.323785403817069,0.00436386780350837
"Quote Attribution","ku","md",-0.089224986417609,0.0355028971591269,-0.0886207540039457,0.0350236734455053,-0.0445245997526713,0.00880576775471834
"Quote Attribution","laurier","md",0.28679475458882,0.0361270908255583,0.284834881550628,0.0356350136081451,0.141856672972487,0.00848658510761835
"Quote Attribution","lse","md",0.378788458451868,0.0147011176423053,0.377754459020243,0.0146209663096979,0.186075625604396,0.00330619697318124
"Quote Attribution","luc","md",0.40960298210108,0.0279924109336214,0.40746592306403,0.0277010781970692,0.200564703229808,0.00618245375309413
"Quote Attribution","mcdaniel","md",0.0926326978464395,0.0408771130104267,0.0919071153567807,0.0402392484692487,0.0462571344219303,0.0101495902623881
"Quote Attribution","msvu","md",-0.0284535518963643,0.0477320918023651,-0.0281925101358472,0.0468602911188273,-0.0142092020159818,0.0118987539043979
"Quote Attribution","mturk","md",0.443761436260195,0.00410507375717175,0.443427529987614,0.00409889839323625,0.216548083485725,0.000888001683018345
"Quote Attribution","osu","md",0.266949651811284,0.0377455879574573,0.265038317788769,0.0372070133433151,0.132250416700225,0.0089428383674232
"Quote Attribution","oxy","md",0.173349985944425,0.0329188555543498,0.17226428665876,0.032507802075838,0.0863397231875815,0.00804487347491699
"Quote Attribution","pi","md",0.266390146711976,0.00305355567767853,0.266238760002346,0.00305008605688753,0.132007683525128,0.000723933143581532
"Quote Attribution","psu","md",0.427762506393306,0.0431103503415407,0.424303510384735,0.0424159667878962,0.209051169366866,0.00941602195704469
"Quote Attribution","qccuny","md",0.944404931375613,0.0440542823693752,0.937232235694279,0.0433876445826481,0.426837627188962,0.00601868319266686
"Quote Attribution","qccuny2","md",0.408094408763047,0.0495510817859207,0.404395667898125,0.0486569452894414,0.196912539927422,0.0106593107312084
"Quote Attribution","sdsu","md",0.408394529984754,0.0252211925084494,0.406477184773558,0.0249849297119123,0.200010219155749,0.00557505200523226
"Quote Attribution","swps","md",-0.00987660772512734,0.0506416430295076,-0.00978009364312284,0.0496567399358612,-0.00493784801343939,0.0126574562700187
"Quote Attribution","swpson","md",0.312380773940861,0.0244950594726644,0.310958706684681,0.0242725468377123,0.1535366805055,0.00564174305559925
"Quote Attribution","tamu","md",0.345815314260341,0.0219493807175425,0.344403823181728,0.0217705677700893,0.169910144753014,0.00499721084592958
"Quote Attribution","tamuc","md",0.517779585084876,0.0476701542149841,0.513197464862886,0.046830167943673,0.250238709980889,0.0097835756350544
"Quote Attribution","tamuon","md",0.38143616984584,0.018355833791936,0.380146081334523,0.0182318780375322,0.186467220582693,0.0040869278152542
"Quote Attribution","tilburg","md",0.556370142216861,0.053085568485355,0.551003227661714,0.0520663492808668,0.26519026325729,0.0104237857740356
"Quote Attribution","ufl","md",0.499085166215481,0.0327147864891881,0.496084654194146,0.0323226047803989,0.241261062055627,0.00678078923246638
"Quote Attribution","unipd","md",-0.263769380485424,0.0281539635035693,-0.26237377529767,0.0278568261266525,-0.130442183648842,0.00665304625205358
"Quote Attribution","uva","md",0.158679554380165,0.0496059766170821,0.157168320528926,0.0486656002803048,0.0790373100383925,0.0121538356122828
"Quote Attribution","vcu","md",0.307180221592066,0.0377941662175741,0.305001638460207,0.0372599797728712,0.151172727290624,0.00873986653205503
"Quote Attribution","wisc","md",0.223803794436064,0.0428329378051113,0.222013364080576,0.042150352108249,0.11003335746603,0.0101044160267748
"Quote Attribution","wku","md",0.653204824846258,0.0409098577233757,0.648342257911918,0.0403030450020634,0.310450235073653,0.00754545586031225
"Quote Attribution","wl","md",-0.357649336089818,0.0451550724866972,-0.354592504157426,0.0443864895449629,-0.176032214687508,0.0102715244641942
"Quote Attribution","wpi","md",0.227891375632969,0.0463302200494925,0.22587463779551,0.0455138444906284,0.113146633699091,0.0111301303418089
"Reciprocity","abington","md",0.139916534199054,0.062408608372802,0.138632896270623,0.0612687491002746,0.0697089151329997,0.0153409416222568
"Reciprocity","brasilia","md",0.420189833051723,0.0554415481055909,0.417513464688336,0.0547375355875557,0.205168062028886,0.0121285708187866
"Reciprocity","charles","md",0.634568683218922,0.161787051299862,0.628674856439799,0.158795675728761,0.301447351089262,0.0301759483879294
"Reciprocity","conncoll","md",0.135675521783437,0.0614490593372685,0.134554236479442,0.0604375694595087,0.0672092513603679,0.0149430062071821
"Reciprocity","csun","md",0.138556906147671,0.0510626600102258,0.13744845089849,0.0502489254603028,0.0691127980240655,0.012583608767902
"Reciprocity","help","md",0.199465305666953,0.0741351883976446,0.1979655665266,0.0730245645678421,0.0992403220637849,0.0179915743215061
"Reciprocity","ithaca","md",0.0762513617020548,0.0595777043648112,0.075584440171133,0.058540086397438,0.0371024118213329,0.0140668328526333
"Reciprocity","jmu","md",0.472049255068325,0.0306550557403453,0.469963617711616,0.0303847700139468,0.229477447908476,0.00650158645981647
"Reciprocity","ku","md",-0.115581544471898,0.0898677396671365,-0.114791693370724,0.0886436757787889,-0.0576578249425567,0.0222152381346002
"Reciprocity","laurier","md",0.37258726381275,0.0586455475099354,0.36994480094883,0.057816645601063,0.182869343591034,0.0131982821341497
"Reciprocity","lse","md",0.31967069053293,0.0380750533673099,0.318794880421881,0.0378667087330088,0.157815803047582,0.00882325809497703
"Reciprocity","luc","md",0.35434258160332,0.0366490171000878,0.352467753129228,0.0362622227929091,0.174046022225139,0.00831430183908987
"Reciprocity","mcdaniel","md",0.736024663508455,0.056408050776319,0.730259457266875,0.0555278346167775,0.344351820292014,0.00959243185638047
"Reciprocity","msvu","md",0.238319248416646,0.0767865188212525,0.236132833293557,0.0753840548380682,0.118289479733426,0.0183915996698988
"Reciprocity","mturk","md",0.582709395086072,0.006940216315271,0.582270056512245,0.00692975499333309,0.279717599802773,0.00135875903224884
"Reciprocity","osu","md",0.848928788194303,0.073653068577659,0.84279195358085,0.0725920538403028,0.390722999501977,0.0112020399711467
"Reciprocity","oxy","md",0.2126268695517,0.0753650804210212,0.211283963007163,0.0744161067103238,0.105628385085272,0.0181865169268211
"Reciprocity","pi","md",0.290226221912407,0.00548300952771436,0.290059775981278,0.00547672227411451,0.143514494367073,0.00128605818391396
"Reciprocity","psu","md",0.707595890145241,0.0573407431675129,0.701874090494471,0.0564171489797173,0.332732077734468,0.0100269362650259
"Reciprocity","qccuny","md",0.323105772644819,0.0517540424831475,0.320676405933204,0.0509787119806864,0.155116651603197,0.0113610082902056
"Reciprocity","qccuny2","md",-0.116050560999904,0.0641258554726843,-0.114959176413698,0.0629253979823347,-0.0579278428595374,0.0158706175962943
"Reciprocity","sdsu","md",0.516849014211482,0.0356935383371362,0.514391728882426,0.0353549454204533,0.250186458577219,0.00734929967872797
"Reciprocity","swps","md",0.447089260370704,0.10575398542669,0.442720309943628,0.10369723092227,0.216806740759177,0.0225857712328269
"Reciprocity","swpson","md",0.507997659889985,0.0907436974379179,0.505685075702322,0.0899193834882112,0.24497977251471,0.0186464115805728
"Reciprocity","tamu","md",0.635452177765256,0.0288504890656986,0.632829954198137,0.0286128745187144,0.302402648032437,0.00539335245404506
"Reciprocity","tamuc","md",0.119052951418421,0.0595881926176266,0.117973921647257,0.0585129390437723,0.0589233571277111,0.0144955230239996
"Reciprocity","tamuon","md",0.333193022730869,0.0224225189569995,0.332060996606076,0.0222704163843538,0.164291458911549,0.00516125931792401
"Reciprocity","tilburg","md",0.461933627339572,0.0690138622527369,0.457419617951889,0.0676716473803322,0.224201682942501,0.0146642049742907
"Reciprocity","ufl","md",0.283564028336916,0.043040681923886,0.281831457899013,0.0425163333322904,0.140373680984638,0.0101358931649761
"Reciprocity","unipd","md",0.018379331763448,0.0776823893851322,0.0182777884940367,0.0768263916265768,0.00918831284611134,0.0194116009369054
"Reciprocity","uva","md",0.324063772704144,0.0729512522224832,0.320937755604104,0.0715506207631605,0.159945853705519,0.0168735999892033
"Reciprocity","vcu","md",0.618772306031362,0.0503650717022121,0.614383849960218,0.0496532068489189,0.29328523595014,0.00945202998358994
"Reciprocity","wisc","md",0.0892287364532977,0.0609138927132135,0.0885149065616713,0.0599431689189357,0.0440944741597991,0.0148178345901796
"Reciprocity","wku","md",0.559356769724805,0.0513797031347153,0.555192823548193,0.0506175920149403,0.269330927801983,0.0102465442876626
"Reciprocity","wl","md",0.0509787518373799,0.0814628811432065,0.05054303600971,0.0800763042342747,0.025380299016028,0.0201657857408831
"Reciprocity","wpi","md",0.169975448075361,0.07900639914968,0.168453279883642,0.0775976951648415,0.0835607767194344,0.018828195728493
"Scales","abington","md",0.405418344250431,0.0979861603563047,0.40145660147274,0.0960804782595917,0.198653229140888,0.0217058755392846
"Scales","brasilia","md",Inf,Inf,Inf,Inf,NA,NA
"Scales","charles","md",Inf,Inf,Inf,Inf,NA,NA
"Scales","conncoll","md",Inf,Inf,Inf,Inf,NA,NA
"Scales","csun","md",0.785430435975203,0.115200471721164,0.778560782016236,0.113194115810305,0.365210527176892,0.0187061351778708
"Scales","help","md",0.605696699608196,0.0810569469138702,0.600745500428837,0.0797371814944067,0.289607380778743,0.0155528856941338
"Scales","ithaca","md",0.769036604773647,0.220917806244036,0.761215893538661,0.216447409728141,0.357923641009277,0.0363782267251884
"Scales","jmu","md",Inf,Inf,Inf,Inf,NA,NA
"Scales","ku","md",-0.498652878626965,0.418482031598395,-0.49470575821567,0.411883206739404,-0.240450385112569,0.0863778123525892
"Scales","laurier","md",Inf,Inf,Inf,Inf,NA,NA
"Scales","lse","md",1.41680273148019,0.175143542796751,1.4126801241141,0.174125761651577,0.574328946943133,0.0129251612054996
"Scales","luc","md",1.43368643091775,0.345168752141114,1.42499742224552,0.340997566853532,0.581836439844489,0.0248737049299805
"Scales","mcdaniel","md",Inf,Inf,Inf,Inf,NA,NA
"Scales","msvu","md",0.900943377336775,0.213674726130749,0.892023145877995,0.209464489884079,0.40891928780877,0.0305280565871701
"Scales","mturk","md",0.63277589626339,0.00690574296222709,0.632291999325131,0.00689518506906473,0.301455851277749,0.00129540207730948
"Scales","osu","md",0.766655225118264,0.145978785532488,0.760712161357657,0.143724320783864,0.357915433110708,0.0241869055217606
"Scales","oxy","md",1.08469348543791,0.360462128220372,1.07645530706749,0.355007546680694,0.476293409036381,0.0415447512832243
"Scales","pi","md",0.693664313351071,0.0073212630430085,0.69325100790121,0.00731254119760806,0.327218666352788,0.00129896149069512
"Scales","psu","md",1.05435446429549,0.369326342472507,1.04534288767758,0.363040051450804,0.466343061967352,0.0442428952925969
"Scales","qccuny","md",1.02106086600561,0.139722370709678,1.01322663941221,0.137586518770271,0.454050764120577,0.0174114591277769
"Scales","qccuny2","md",1.25673363907897,0.35442099250529,1.24506119041879,0.347867895144607,0.531354079961263,0.0326318666432408
"Scales","sdsu","md",1.24156034266009,0.126095894418953,1.2354241300934,0.124852557120102,0.527129225768884,0.0118532105074088
"Scales","swps","md",Inf,Inf,Inf,Inf,NA,NA
"Scales","swpson","md",0.655237090289609,0.149911510893892,0.651297789145583,0.148114386143315,0.310908383181106,0.027542383064761
"Scales","tamu","md",0.88563061470412,0.198406218082535,0.8813104653641,0.196475268809584,0.404197604441927,0.0289266708075773
"Scales","tamuc","md",1.6233542900207,0.347035309155538,1.60728147526802,0.340197342569883,0.630207712418615,0.0190071083779274
"Scales","tamuon","md",0.675641988696084,0.0723963758051265,0.673226105542224,0.07187956811162,0.319590959379729,0.0130584414895964
"Scales","tilburg","md",1.65620913514708,0.351170011487648,1.64023284123891,0.344427704115593,0.634822906190526,0.018388264098075
"Scales","ufl","md",1.563471885323,0.339252032704923,1.5533413979451,0.334869921119013,0.615826836875884,0.0202816465034249
"Scales","unipd","md",1.45113309995868,0.18365927774347,1.44287238022457,0.181574231879606,0.582010776522393,0.0129184221611309
"Scales","uva","md",Inf,Inf,Inf,Inf,NA,NA
"Scales","vcu","md",1.1108742566976,0.200493130055899,1.10226282835111,0.197396757576819,0.481262154930265,0.0222173795768736
"Scales","wisc","md",0.735731481424747,0.154994953797164,0.729514032285946,0.152386389647164,0.343754235250785,0.0263116276385351
"Scales","wku","md",1.06393837858393,0.110819907960109,1.055516702764,0.109072446639666,0.469163483870674,0.0131067516774366
"Scales","wl","md",Inf,Inf,Inf,Inf,NA,NA
"Scales","wpi","md",Inf,Inf,Inf,Inf,NA,NA
"Sunkcosts","abington","md",0.54714264992329,0.0503930461073318,0.542122992584545,0.0494726445413617,0.261354376056232,0.00998103364089662
"Sunkcosts","brasilia","md",0.237676102615769,0.0338018082737445,0.236162242089554,0.0333725833157469,0.11760291580737,0.0080483760432839
"Sunkcosts","charles","md",0.467932736813168,0.0502829313973386,0.463639775924974,0.0493645410166281,0.224789861229459,0.010460904099979
"Sunkcosts","conncoll","md",0.406187254088436,0.043090580566348,0.402902721036508,0.0423965154468299,0.198765446373358,0.00951917502623875
"Sunkcosts","csun","md",0.52654774673657,0.0431831540264147,0.522335364762677,0.0424949872838497,0.25439140353067,0.00881721957568595
"Sunkcosts","help","md",-0.0612586474343448,0.0399870472429386,-0.060798056100252,0.039387998821921,-0.0303254866306172,0.00978139807078665
"Sunkcosts","ithaca","md",0.233233295531995,0.0470554565873841,0.231239848561636,0.0462545272729812,0.112972866143081,0.0107601952326161
"Sunkcosts","jmu","md",0.566831428165998,0.0240216369198965,0.564356181754792,0.0238122990340363,0.272074823521016,0.00474537198990566
"Sunkcosts","ku","md",0.492449856519461,0.0366972510625078,0.489114981644612,0.0362019057712473,0.238367824187352,0.00764882371819534
"Sunkcosts","laurier","md",0.447235545433304,0.0366186226215616,0.444179266079546,0.0361198503840701,0.218194950622466,0.00790586333669776
"Sunkcosts","lse","md",0.412328042881814,0.0150240728416699,0.411198377010905,0.0149418619270399,0.200441634409007,0.0032708471377968
"Sunkcosts","luc","md",0.271689019712133,0.0276551932360741,0.270271511783201,0.0273673701134266,0.134595774451595,0.00654358459959402
"Sunkcosts","mcdaniel","md",0.149810868682476,0.0414626606667561,0.148625030671797,0.0408088575993157,0.0745974258573828,0.0101664938911319
"Sunkcosts","msvu","md",0.332252611160009,0.0478715857376495,0.329241258188771,0.0470077553143846,0.163604142345382,0.0109942058191391
"Sunkcosts","mturk","md",0.306148862228562,0.00405905534435606,0.305918501910858,0.00405294920705659,0.151161864783455,0.000944858356481834
"Sunkcosts","osu","md",0.456393576036457,0.0389166039825968,0.453125841601828,0.0383613206737958,0.22091027295607,0.00824954822029612
"Sunkcosts","oxy","md",0.680474192026528,0.0349063839349455,0.67621234948774,0.0344705124474014,0.321131999983199,0.00625333667665804
"Sunkcosts","pi","md",0.183991879334116,0.00303942287646781,0.183887397858061,0.00303597192826293,0.091561107318123,0.000740122205952523
"Sunkcosts","psu","md",0.15193578067462,0.0422314263487995,0.150707189456227,0.0415511997287132,0.0757454520005902,0.010376024281395
"Sunkcosts","qccuny","md",-0.0811444741926147,0.0393083643901374,-0.0805343653640988,0.0387194833587967,-0.0405077525822421,0.00976375674219776
"Sunkcosts","qccuny2","md",0.141085364536086,0.0467281933344652,0.13982191351039,0.0458950178845898,0.0702920357404655,0.0114848411667561
"Sunkcosts","sdsu","md",0.27724253007466,0.0251143826564159,0.275940921952244,0.0248791204150402,0.136804230330579,0.00588832568473395
"Sunkcosts","swps","md",-0.0672934811738198,0.0506696864803199,-0.0666358901525773,0.0496842379841191,-0.0336250197944792,0.0126224803935359
"Sunkcosts","swpson","md",0.122932451363867,0.0239766012756666,0.122376195927831,0.0237601093700428,0.0611943221956168,0.00589682236489473
"Sunkcosts","tamu","md",0.349318490456254,0.0217172518405723,0.347900418099868,0.0215412856363895,0.172052236321601,0.00496114788062721
"Sunkcosts","tamuc","md",0.377757924047312,0.0470967167169828,0.374414933569017,0.046266834873352,0.185016253499474,0.0105373095884284
"Sunkcosts","tamuon","md",0.32039916403669,0.0185000092681898,0.319320378972593,0.0183756398104696,0.156082018984214,0.00417900335114222
"Sunkcosts","tilburg","md",0.505622116696866,0.0518806767610968,0.500744732934516,0.0508845909395548,0.24445076982981,0.0107205558242672
"Sunkcosts","ufl","md",0.14821055469557,0.0316314395403052,0.147319509276558,0.0312522448903728,0.073845649319341,0.00776713735002357
"Sunkcosts","unipd","md",0.463790213324606,0.0289655746144438,0.461336296851989,0.0286598714810028,0.224218307699184,0.0061062969690934
"Sunkcosts","uva","md",0.437097593039123,0.0514899065731284,0.432934758819703,0.0505138167342365,0.211620297892754,0.011012447875861
"Sunkcosts","vcu","md",0.327095257094592,0.0375323671630267,0.324775432576191,0.0370018810117863,0.161403279607503,0.00866871226520957
"Sunkcosts","wisc","md",0.134537070011461,0.0417609386625379,0.133460773451369,0.0410954363440117,0.0671168526530804,0.010299779777691
"Sunkcosts","wku","md",0.0466917532566183,0.039979338899491,0.0463406874426588,0.0393804059576421,0.023118744960355,0.00979082725815962
"Sunkcosts","wl","md",0.256940970682782,0.0455944685976567,0.254719579005409,0.0448094995886711,0.127034892504549,0.0107884730350795
"Sunkcosts","wpi","md",0.418997789327607,0.0472855563622752,0.415289844289309,0.0464523470129517,0.204410495925382,0.0103332890271347
