"experiment","site","t","v","es","nt","nc","replicated","n"
"Allowedforbidden","abington",1.56397553835734,0.50473729543497,"logor",36,46,1,82
"Allowedforbidden","brasilia",1.21354225534209,0.360659340659341,"logor",66,54,1,120
"Allowedforbidden","charles",0.635988766719997,0.31729055258467,"logor",44,40,1,84
"Allowedforbidden","conncoll",1.34628902650619,0.508153261304522,"logor",42,52,1,94
"Allowedforbidden","csun",0.972861083362549,0.29989417989418,"logor",37,57,1,94
"Allowedforbidden","help",0.537636881216647,0.436818495514148,"logor",53,49,1,102
"Allowedforbidden","ithaca",1.96165850602345,0.454166666666667,"logor",46,43,1,89
"Allowedforbidden","jmu",1.59645071690729,0.283449293695973,"logor",80,90,1,170
"Allowedforbidden","ku",1.24521576285999,0.157934609250399,"logor",52,60,1,112
"Allowedforbidden","laurier",3.01771118027277,0.419887278582931,"logor",63,49,1,112
"Allowedforbidden","lse",0.997358554962937,0.11295862607338,"logor",140,137,1,277
"Allowedforbidden","luc",2.54553127160443,0.592156862745098,"logor",67,77,1,144
"Allowedforbidden","mcdaniel",2.75600459422425,1.12497799683154,"logor",51,47,1,98
"Allowedforbidden","msvu",1.03691871966277,0.483216783216783,"logor",50,33,1,83
"Allowedforbidden","mturk",1.07997142587566,0.0478413112827505,"logor",497,502,1,999
"Allowedforbidden","original",0.91753219696222,0.00854832584253234,"d",650,650,1,1300
"Allowedforbidden","osu",1.62048774862069,0.45447409733124,"logor",55,52,1,107
"Allowedforbidden","oxy",1.52242653544447,1.23484848484848,"logor",65,56,1,121
"Allowedforbidden","pi",1.52534996618364,0.0491380739759127,"logor",619,696,1,1315
"Allowedforbidden","psu",1.64147726617872,0.633616174313849,"logor",55,39,1,94
"Allowedforbidden","qccuny",2.20373925835741,0.433091418385536,"logor",55,47,1,102
"Allowedforbidden","qccuny2",1.75016557192922,0.465122265122265,"logor",44,40,1,84
"Allowedforbidden","sdsu",1.83032250396237,0.424375843454791,"logor",81,79,1,160
"Allowedforbidden","swps",1.58412010444981,0.400641025641026,"logor",36,43,1,79
"Allowedforbidden","swpson",0.98610631011257,0.190142021720969,"logor",83,85,1,168
"Allowedforbidden","tamu",1.02961941718116,0.149084249084249,"logor",91,96,1,187
"Allowedforbidden","tamuc",0.998528830111127,0.404887218045113,"logor",45,42,1,87
"Allowedforbidden","tamuon",1.64890834465473,0.193234512054737,"logor",124,96,1,220
"Allowedforbidden","tilburg",1.43508452528932,0.340873015873016,"logor",38,41,1,79
"Allowedforbidden","ufl",1.64865862558738,0.446923076923077,"logor",63,63,1,126
"Allowedforbidden","unipd",1.47257286889387,0.15287353775257,"logor",67,75,1,142
"Allowedforbidden","uva",1.11088238125992,0.436427280939476,"logor",35,45,1,80
"Allowedforbidden","vcu",2.30794703613543,0.442596745443045,"logor",48,58,1,106
"Allowedforbidden","wisc",1.66719674658629,0.455598455598456,"logor",51,45,1,96
"Allowedforbidden","wku",1.34474535820702,0.469720460418135,"logor",54,48,1,102
"Allowedforbidden","wl",Inf,Inf,"logor",46,44,1,90
"Allowedforbidden","wpi",1.32588523332433,0.331552355690287,"logor",43,44,1,87
"Anchoring1","abington",1.11000182202699,0.068344680108621,"d",37,31,1,68
"Anchoring1","brasilia",1.21779674806212,0.0667468796127852,"d",30,43,1,73
"Anchoring1","charles",0.950510333242016,0.0665637412102334,"d",32,35,1,67
"Anchoring1","conncoll",1.95428378992588,0.0739991516876478,"d",49,33,1,82
"Anchoring1","csun",1.46046511762104,0.0592854084051181,"d",50,37,1,87
"Anchoring1","help",1.9296599100667,0.0834405310085534,"d",28,45,1,73
"Anchoring1","ithaca",1.16108340854545,0.0659325570962862,"d",34,37,1,71
"Anchoring1","jmu",1.02008877002364,0.0334325981726634,"d",97,51,1,148
"Anchoring1","ku",1.12540785229165,0.0702010820757553,"d",33,33,1,66
"Anchoring1","laurier",1.94159530885854,0.0884931390423118,"d",37,30,1,67
"Anchoring1","lse",1.36300810807253,0.0214241855408773,"d",131,102,1,233
"Anchoring1","luc",1.30720812139315,0.0388372204216252,"d",63,62,1,125
"Anchoring1","mcdaniel",1.29579450248687,0.058652971892745,"d",45,38,1,83
"Anchoring1","msvu",1.57013455007534,0.118485589690466,"d",19,26,1,45
"Anchoring1","mturk",1.0731629018114,0.00494314394253165,"d",472,454,1,926
"Anchoring1","original",0.93,0.0313487777769949,"d",103,53,1,156
"Anchoring1","osu",1.55096853567348,0.0567373652549311,"d",43,49,1,92
"Anchoring1","oxy",0.988511378533114,0.040060568959432,"d",51,62,1,113
"Anchoring1","pi",1.03505250077312,0.00379610875654986,"d",618,578,1,1196
"Anchoring1","psu",1.77672215622284,0.0697609046710469,"d",39,41,1,80
"Anchoring1","qccuny",1.00648616663184,0.0501602674960651,"d",47,43,1,90
"Anchoring1","qccuny2",1.81725180594166,0.0761285816205423,"d",42,33,1,75
"Anchoring1","sdsu",0.925172634326693,0.031323298632396,"d",76,66,1,142
"Anchoring1","swps",1.42218524217992,0.105115752094241,"d",19,31,1,50
"Anchoring1","swpson",0.824424962696756,0.0397561053899282,"d",50,60,1,110
"Anchoring1","tamu",1.28431458549652,0.0296005063455256,"d",81,82,1,163
"Anchoring1","tamuc",1.25455465378553,0.059868190664308,"d",39,41,1,80
"Anchoring1","tamuon",1.15219971002739,0.0252344168732639,"d",101,85,1,186
"Anchoring1","tilburg",1.00649133294336,0.071369410401241,"d",25,42,1,67
"Anchoring1","ufl",1.40549003967985,0.0439733208265252,"d",65,50,1,115
"Anchoring1","unipd",1.14201465936362,0.0470942209461643,"d",47,52,1,99
"Anchoring1","uva",0.788851538825033,0.0560678500809661,"d",37,40,1,77
"Anchoring1","vcu",1.26198141669983,0.0533583766322863,"d",51,40,1,91
"Anchoring1","wisc",1.16818417314518,0.0547622644084725,"d",52,36,1,88
"Anchoring1","wku",1.18314301146464,0.0566359286382414,"d",37,47,1,84
"Anchoring1","wl",0.923019238215023,0.0563954038469503,"d",48,33,1,81
"Anchoring1","wpi",1.17920130147427,0.0596372831745168,"d",37,42,1,79
"Anchoring2","abington",2.90727266799527,0.109767032525952,"d",36,39,1,75
"Anchoring2","brasilia",2.34425829093042,0.116423023656205,"d",28,30,1,58
"Anchoring2","charles",1.59092268352152,0.0828223263949005,"d",38,27,1,65
"Anchoring2","conncoll",2.04668542946461,0.0781341105588637,"d",39,39,1,78
"Anchoring2","csun",2.50050995467764,0.0828636629851277,"d",43,43,1,86
"Anchoring2","help",2.78840378254813,0.096658978850034,"d",37,45,1,82
"Anchoring2","ithaca",2.87255767707031,0.102366073344248,"d",35,45,1,80
"Anchoring2","jmu",2.14439476721532,0.0409215251998127,"d",75,79,1,154
"Anchoring2","ku",2.00540165541562,0.0815849795676643,"d",40,34,1,74
"Anchoring2","laurier",1.57783511188843,0.053535188641027,"d",50,48,1,98
"Anchoring2","lse",1.94487189487932,0.0271796431648046,"d",134,89,1,223
"Anchoring2","luc",1.69760515833555,0.0445978003016699,"d",61,61,1,122
"Anchoring2","mcdaniel",1.79096751185891,0.0669558944616651,"d",39,45,1,84
"Anchoring2","msvu",1.86201982536629,0.0776389260371645,"d",35,39,1,74
"Anchoring2","mturk",1.67524917044865,0.00619658174140982,"d",439,433,1,872
"Anchoring2","original",0.93,0.0313487777769949,"d",103,53,1,156
"Anchoring2","osu",2.47935268029367,0.0757381106641197,"d",42,52,1,94
"Anchoring2","oxy",1.48083679350428,0.0470082241432722,"d",59,50,1,109
"Anchoring2","pi",1.35630669711847,0.0044384889801618,"d",596,517,1,1113
"Anchoring2","psu",2.28857522774394,0.0780314961813,"d",40,45,1,85
"Anchoring2","qccuny",2.00668465352258,0.0729485400431815,"d",49,35,1,84
"Anchoring2","qccuny2",2.13720486754132,0.0928707139390555,"d",31,37,1,68
"Anchoring2","sdsu",2.04978970307907,0.0406721260894966,"d",75,75,1,150
"Anchoring2","swps",3.14702858729983,0.147851721699079,"d",38,24,1,62
"Anchoring2","swpson",1.82629104009344,0.0453783292187523,"d",70,56,1,126
"Anchoring2","tamu",2.14624932492341,0.0393678135960704,"d",73,88,1,161
"Anchoring2","tamuc",2.47378945926319,0.0980959159370781,"d",37,35,1,72
"Anchoring2","tamuon",1.61531472326108,0.0268240477322989,"d",103,95,1,198
"Anchoring2","tilburg",1.48396865626028,0.118680139268511,"d",22,21,1,43
"Anchoring2","ufl",2.6044469727012,0.0631244201179304,"d",52,66,1,118
"Anchoring2","unipd",1.38183638969739,0.0644261946107408,"d",37,40,1,77
"Anchoring2","uva",2.12065964441861,0.084093869628992,"d",42,33,1,75
"Anchoring2","vcu",2.0153103447827,0.0603073789289408,"d",50,50,1,100
"Anchoring2","wisc",1.97981666402719,0.0685866646052737,"d",38,50,1,88
"Anchoring2","wku",2.59015638159262,0.0861544139762324,"d",38,48,1,86
"Anchoring2","wl",1.36607506678698,0.0688495135865915,"d",42,31,1,73
"Anchoring2","wpi",1.69510770427108,0.0710393298425054,"d",35,42,1,77
"Anchoring3","abington",2.52673378462649,0.0986158729654751,"d",38,35,1,73
"Anchoring3","brasilia",2.50541965807103,0.0952741652473303,"d",32,44,1,76
"Anchoring3","charles",0.785976446937861,0.0519772535627719,"d",40,43,1,83
"Anchoring3","conncoll",2.07836917568914,0.0740156372387006,"d",47,37,1,84
"Anchoring3","csun",2.06375256588912,0.0756311989654145,"d",59,29,1,88
"Anchoring3","help",2.62196078196887,0.115142677492181,"d",29,36,1,65
"Anchoring3","ithaca",3.62172878780997,0.127273400775485,"d",43,40,1,83
"Anchoring3","jmu",2.57676797855132,0.0458950147631956,"d",70,91,1,161
"Anchoring3","ku",1.77000724173186,0.0743049743240248,"d",39,36,1,75
"Anchoring3","laurier",2.963991274013,0.0995382678452145,"d",37,48,1,85
"Anchoring3","lse",2.731875767399,0.0297450150645548,"d",133,127,1,260
"Anchoring3","luc",2.5344615804376,0.0530339190469074,"d",67,69,1,136
"Anchoring3","mcdaniel",2.24429741849233,0.0744519180074888,"d",48,40,1,88
"Anchoring3","msvu",4.54468096376515,0.298569998259535,"d",18,31,1,49
"Anchoring3","mturk",2.33279901148437,0.00714895791646545,"d",452,489,1,941
"Anchoring3","original",0.93,0.0313487777769949,"d",103,53,1,156
"Anchoring3","osu",2.55265174885667,0.0780481506468884,"d",47,46,1,93
"Anchoring3","oxy",2.11643256509831,0.0592825012214484,"d",62,45,1,107
"Anchoring3","pi",1.96700876826274,0.00492962480560678,"d",610,594,1,1204
"Anchoring3","psu",3.60170058616331,0.120536231004722,"d",43,44,1,87
"Anchoring3","qccuny",3.24864305362243,0.0997559503184379,"d",46,47,1,93
"Anchoring3","qccuny2",2.69554462179337,0.0991383788035356,"d",38,39,1,77
"Anchoring3","sdsu",2.86523155696998,0.054424733671394,"d",77,72,1,149
"Anchoring3","swps",1.94676273939629,0.118424862625016,"d",18,36,1,54
"Anchoring3","swpson",0.660289577209023,0.0306628916294672,"d",65,73,1,138
"Anchoring3","tamu",2.42718182086675,0.0398942913037342,"d",100,76,1,176
"Anchoring3","tamuc",3.1722385804199,0.114724082940788,"d",36,43,1,79
"Anchoring3","tamuon",1.75911572170813,0.0273268035946342,"d",101,102,1,203
"Anchoring3","tilburg",1.73559635975658,0.102828360622023,"d",17,48,1,65
"Anchoring3","ufl",2.65017460698614,0.0631260101649813,"d",59,60,1,119
"Anchoring3","unipd",1.02815756232518,0.0447781751201924,"d",46,56,1,102
"Anchoring3","uva",2.33305840604489,0.0887719456713462,"d",35,41,1,76
"Anchoring3","vcu",3.84944982478558,0.11410732617027,"d",49,51,1,100
"Anchoring3","wisc",2.73603329063727,0.0851350671943459,"d",44,47,1,91
"Anchoring3","wku",2.82533747769468,0.0819729946277613,"d",44,54,1,98
"Anchoring3","wl",2.53661336487742,0.0840218112576539,"d",41,45,1,86
"Anchoring3","wpi",2.29879937174355,0.0816541361129265,"d",34,49,1,83
"Anchoring4","abington",2.00176609169714,0.0845841536094934,"d",48,27,1,75
"Anchoring4","brasilia",2.00008510890905,0.0769589974408619,"d",38,40,1,78
"Anchoring4","charles",2.14726452378449,0.0872206886634215,"d",41,32,1,73
"Anchoring4","conncoll",2.71880450476222,0.0929789843076594,"d",49,35,1,84
"Anchoring4","csun",2.06799592281517,0.0731020527177141,"d",43,41,1,84
"Anchoring4","help",2.74704864047336,0.0916120824170844,"d",40,45,1,85
"Anchoring4","ithaca",3.18272264286244,0.104199887953113,"d",44,43,1,87
"Anchoring4","jmu",2.29573025702285,0.0420111015342011,"d",81,77,1,158
"Anchoring4","ku",2.28679259705992,0.0729507660966323,"d",42,49,1,91
"Anchoring4","laurier",2.41846295871263,0.0700475825646676,"d",52,47,1,99
"Anchoring4","lse",2.41997603874337,0.0280515472792731,"d",122,125,1,247
"Anchoring4","luc",2.61354475149943,0.0585376716318569,"d",79,51,1,130
"Anchoring4","mcdaniel",2.50610038001584,0.0859952725082273,"d",36,48,1,84
"Anchoring4","msvu",2.40283967411822,0.08677610746054,"d",48,33,1,81
"Anchoring4","mturk",2.3334620246952,0.00723894059154766,"d",476,453,1,929
"Anchoring4","original",0.93,0.0313487777769949,"d",103,53,1,156
"Anchoring4","osu",2.42923870658733,0.0747426116288294,"d",46,47,1,93
"Anchoring4","oxy",2.30163703382063,0.0599017224599278,"d",56,55,1,111
"Anchoring4","pi",2.19368241153635,0.00547138198552319,"d",647,531,1,1178
"Anchoring4","psu",3.5159655417869,0.121310687554849,"d",44,40,1,84
"Anchoring4","qccuny",3.02060863769769,0.0942214359798652,"d",48,43,1,91
"Anchoring4","qccuny2",2.4915682034863,0.100258984894042,"d",47,27,1,74
"Anchoring4","sdsu",2.84697767180018,0.0576915421073802,"d",87,56,1,143
"Anchoring4","swps",2.98431929934185,0.128132686527278,"d",34,32,1,66
"Anchoring4","swpson",2.30223017222972,0.0482137344009474,"d",67,71,1,138
"Anchoring4","tamu",2.46622396787895,0.0436956437453051,"d",93,70,1,163
"Anchoring4","tamuc",2.68759279831486,0.101513533295897,"d",30,47,1,77
"Anchoring4","tamuon",2.43581311279437,0.0333861429250795,"d",110,99,1,209
"Anchoring4","tilburg",2.50048104101809,0.114100782675257,"d",23,43,1,66
"Anchoring4","ufl",3.88450871891126,0.102234963040084,"d",54,59,1,113
"Anchoring4","unipd",2.17816070522113,0.0630727985147309,"d",41,63,1,104
"Anchoring4","uva",3.10569240012253,0.118414722673746,"d",33,42,1,75
"Anchoring4","vcu",2.94562784646504,0.0864997108734001,"d",54,43,1,97
"Anchoring4","wisc",3.20780229141894,0.104132723401851,"d",41,47,1,88
"Anchoring4","wku",3.22327754969183,0.103513836056854,"d",56,35,1,91
"Anchoring4","wl",2.3662439311775,0.0827839538949546,"d",47,36,1,83
"Anchoring4","wpi",2.01290849202161,0.07582880423788,"d",36,44,1,80
"Flagpriming","abington",0.0675717426103825,0.048395804033355,"d",39,44,0,83
"Flagpriming","brasilia",-0.00254996090414583,0.0333704386613286,"d",62,58,0,120
"Flagpriming","charles",-0.0300397104779217,0.0499162447748423,"d",51,33,0,84
"Flagpriming","conncoll",-0.45106401201288,0.0441225203963205,"d",42,52,0,94
"Flagpriming","csun",-0.0661951201526536,0.0425764989038937,"d",47,47,0,94
"Flagpriming","help",-0.115328978238496,0.0398312817400781,"d",45,57,0,102
"Flagpriming","ithaca",-0.171606724092714,0.0451603874655397,"d",43,46,0,89
"Flagpriming","jmu",0.0435436644344162,0.0233117448376573,"d",82,90,0,172
"Flagpriming","ku",0.143439512709727,0.0364691836202359,"d",54,56,0,110
"Flagpriming","laurier",0.0430059819198421,0.036117634984957,"d",58,53,0,111
"Flagpriming","lse",0.0441516374397166,0.014572308872562,"d",132,143,0,275
"Flagpriming","luc",0.064492047600029,0.0277602281072675,"d",78,67,0,145
"Flagpriming","mcdaniel",0.0943354693287107,0.0408787373168714,"d",48,50,0,98
"Flagpriming","msvu",0.0890871558380592,0.0472689076418417,"d",45,40,0,85
"Flagpriming","mturk",0.0946538651031851,0.00407815189984792,"d",487,495,0,982
"Flagpriming","original",0.5,0.0625,"d",33,33,0,66
"Flagpriming","osu",0.276274296429861,0.0450939014834509,"d",35,62,0,97
"Flagpriming","oxy",-0.00552055994465143,0.0331145211196504,"d",58,63,0,121
"Flagpriming","pi",0.0257131149947838,0.00303080393028527,"d",654,666,0,1320
"Flagpriming","psu",0.0170213804286419,0.0439629445657504,"d",46,45,0,91
"Flagpriming","qccuny",-0.222254303179851,0.0406906561437295,"d",48,51,0,99
"Flagpriming","qccuny2",0.0210003908478473,0.0478629545745707,"d",48,37,0,85
"Flagpriming","sdsu",-0.113264697192751,0.025181510776602,"d",86,74,0,160
"Flagpriming","swps",0.191392529353248,0.0523738521786181,"d",34,44,0,78
"Flagpriming","swpson",-0.221081772110113,0.0239139459117548,"d",90,79,0,169
"Flagpriming","tamu",-0.270289930170925,0.0228798327982518,"d",107,75,0,182
"Flagpriming","tamuc",0.268975268347239,0.0475697489406365,"d",48,38,0,86
"Flagpriming","tamuon",-0.028688511414352,0.0183752547309957,"d",113,105,0,218
"Flagpriming","tilburg",0.205578821203494,0.0511040359740661,"d",42,37,0,79
"Flagpriming","ufl",-0.115124331713024,0.0326191483627182,"d",53,73,0,126
"Flagpriming","unipd",0.489104833675718,0.0290337201627274,"d",69,73,0,142
"Flagpriming","uva",-0.149178879272693,0.0506441401176821,"d",36,44,0,80
"Flagpriming","vcu",-0.0718279951764545,0.0381232616680762,"d",53,52,0,105
"Flagpriming","wisc",-0.0295955126906948,0.0438642590931829,"d",38,57,0,95
"Flagpriming","wku",0.109880696267766,0.0409700695323853,"d",44,55,0,99
"Flagpriming","wl",-0.092882475797743,0.0466941694651264,"d",53,36,0,89
"Flagpriming","wpi",0.0848108996911186,0.0471909419274037,"d",38,48,0,86
"Gainloss","abington",-1.11663079417079,0.218290043290043,"logor",39,44,1,83
"Gainloss","brasilia",-1.05559490358442,0.146844033159823,"logor",54,64,1,118
"Gainloss","charles",-0.195308752320766,0.210129212975513,"logor",52,31,1,83
"Gainloss","conncoll",-1.69167601067107,0.213128976286871,"logor",51,40,1,91
"Gainloss","csun",-1.11803037452521,0.18552036199095,"logor",51,43,1,94
"Gainloss","help",-1.21094147364203,0.193953962703963,"logor",56,43,1,99
"Gainloss","ithaca",-1.42711635564015,0.206666666666667,"logor",50,39,1,89
"Gainloss","jmu",-1.46129479205663,0.106287883986367,"logor",85,87,1,172
"Gainloss","ku",-1.12759982554136,0.157633053221289,"logor",54,59,1,113
"Gainloss","laurier",-1.61154096263088,0.172519534129441,"logor",61,49,1,110
"Gainloss","lse",-1.4512198042975,0.0689575585909819,"logor",145,128,1,273
"Gainloss","luc",-1.41975722009277,0.129238076049848,"logor",82,62,1,144
"Gainloss","mcdaniel",-0.628927587825652,0.169514695830485,"logor",47,50,1,97
"Gainloss","msvu",-1.07307898666294,0.206401526127692,"logor",46,38,1,84
"Gainloss","mturk",-1.21881411424878,0.0176905549703676,"logor",464,532,1,996
"Gainloss","original",-2.19957778751616,0.0701063533958936,"logor",152,155,1,307
"Gainloss","osu",-1.32977315088805,0.16878516568919,"logor",52,54,1,106
"Gainloss","oxy",-0.544727175441672,0.142664576802508,"logor",66,54,1,120
"Gainloss","pi",-1.13164020172842,0.0135634353077697,"logor",680,632,1,1312
"Gainloss","psu",-1.26113121816588,0.185906862745098,"logor",47,48,1,95
"Gainloss","qccuny",-1.36859478402049,0.180012531328321,"logor",43,59,1,102
"Gainloss","qccuny2",-0.608027951722353,0.205012077294686,"logor",41,39,1,80
"Gainloss","sdsu",-0.834612700859888,0.104021693783897,"logor",80,81,1,161
"Gainloss","swps",-1.14990558305566,0.234298245614035,"logor",44,34,1,78
"Gainloss","swpson",-1.09493355981065,0.118065935079399,"logor",80,85,1,165
"Gainloss","tamu",-1.09861228866811,0.0949404761904762,"logor",80,105,1,185
"Gainloss","tamuc",-0.967584026261706,0.199774436090226,"logor",39,47,1,86
"Gainloss","tamuon",-0.980829253011726,0.0761805555555556,"logor",115,109,1,224
"Gainloss","tilburg",-2.07452752687741,0.295687240413407,"logor",46,34,1,80
"Gainloss","ufl",-2.27893090209616,0.180638067606153,"logor",68,59,1,127
"Gainloss","unipd",-1.75175413461436,0.153986594637855,"logor",82,61,1,143
"Gainloss","uva",-1.64590759221549,0.247186147186147,"logor",36,43,1,79
"Gainloss","vcu",-0.643585113611931,0.15961961961962,"logor",43,64,1,107
"Gainloss","wisc",-2.10413415427021,0.224390243902439,"logor",56,40,1,96
"Gainloss","wku",-1.40246722036549,0.186526389211811,"logor",46,56,1,102
"Gainloss","wl",-0.999672340813206,0.200144927536232,"logor",42,48,1,90
"Gainloss","wpi",-1.34227747570312,0.214790669856459,"logor",51,36,1,87
"Gamblersfallacy","abington",0.596235818505242,0.0522218571954289,"d",40,40,1,80
"Gamblersfallacy","brasilia",0.35717253020284,0.0360403862748826,"d",63,51,1,114
"Gamblersfallacy","charles",0.895900258395239,0.0648331292105971,"d",27,45,1,72
"Gamblersfallacy","conncoll",0.627415645101883,0.051425761424378,"d",36,47,1,83
"Gamblersfallacy","csun",0.521830706938346,0.0471148515409194,"d",36,56,1,92
"Gamblersfallacy","help",0.520567895930255,0.0432414764754836,"d",45,51,1,96
"Gamblersfallacy","ithaca",0.78948211746077,0.0537842893153039,"d",32,53,1,85
"Gamblersfallacy","jmu",0.718821187398464,0.0260237365638818,"d",78,86,1,164
"Gamblersfallacy","ku",0.531113918628219,0.0400466396258638,"d",48,56,1,104
"Gamblersfallacy","laurier",0.967536230208927,0.0421649781113958,"d",52,54,1,106
"Gamblersfallacy","lse",0.647405188281129,0.016578132869662,"d",119,136,1,255
"Gamblersfallacy","luc",0.531200908915043,0.029732693486114,"d",61,81,1,142
"Gamblersfallacy","mcdaniel",0.514048459418489,0.04630484632842,"d",37,56,1,93
"Gamblersfallacy","msvu",0.343482143952105,0.0556128868816126,"d",37,36,1,73
"Gamblersfallacy","mturk",0.620926226228165,0.00428111508471221,"d",470,511,1,981
"Gamblersfallacy","original",0.69,0.0718313559322034,"d",29.5,29.5,1,59
"Gamblersfallacy","osu",0.112177924134663,0.038186284925598,"d",51,54,1,105
"Gamblersfallacy","oxy",1.19657014939675,0.0485325715259403,"d",39,63,1,102
"Gamblersfallacy","pi",0.724484029112042,0.00362507903843874,"d",507,697,1,1204
"Gamblersfallacy","psu",0.61001875637967,0.0489703576317131,"d",33,60,1,93
"Gamblersfallacy","qccuny",0.421989990836793,0.0445784085760386,"d",52,41,1,93
"Gamblersfallacy","qccuny2",0.340798482788184,0.0512309480417426,"d",36,44,1,80
"Gamblersfallacy","sdsu",0.618471505720168,0.0267245215538053,"d",70,89,1,159
"Gamblersfallacy","swps",0.115644627220959,0.0514015181903834,"d",38,40,1,78
"Gamblersfallacy","swpson",0.595726762289807,0.027409700983815,"d",69,85,1,154
"Gamblersfallacy","tamu",0.750303247098819,0.0244693372506494,"d",77,101,1,178
"Gamblersfallacy","tamuc",0.756369304374075,0.0546678113190755,"d",33,48,1,81
"Gamblersfallacy","tamuon",0.594583506190515,0.0196507748995867,"d",98,116,1,214
"Gamblersfallacy","tilburg",0.694243040574127,0.0599615578657876,"d",29,45,1,74
"Gamblersfallacy","ufl",0.380594364284883,0.0348095577934246,"d",58,59,1,117
"Gamblersfallacy","unipd",0.769694093888315,0.0350951914671659,"d",52,74,1,126
"Gamblersfallacy","uva",1.11890874270864,0.0601566164718961,"d",40,37,1,77
"Gamblersfallacy","vcu",0.717433880384235,0.0401771715828877,"d",54,52,1,106
"Gamblersfallacy","wisc",0.791498069785367,0.0459047467174455,"d",46,48,1,94
"Gamblersfallacy","wku",0.44444174468511,0.0447118816546151,"d",37,60,1,97
"Gamblersfallacy","wl",0.0722355596374588,0.0465419649771868,"d",43,43,1,86
"Gamblersfallacy","wpi",0.986769009014805,0.0540995339452321,"d",37,47,1,84
"IAT","abington",0.193374826148404,0.0138888888888889,"z",37.5,37.5,1,75
"IAT","brasilia",0.475957159423294,0.00925925925925926,"z",55.5,55.5,1,111
"IAT","charles",0.289853534216196,0.0131578947368421,"z",39.5,39.5,1,79
"IAT","conncoll",0.545314107159945,0.0123456790123457,"z",42,42,1,84
"IAT","csun",0.187154970164185,0.0121951219512195,"z",42.5,42.5,1,85
"IAT","help",0.355223674389586,0.0111111111111111,"z",46.5,46.5,1,93
"IAT","ithaca",0.41180003447869,0.0125,"z",41.5,41.5,1,83
"IAT","jmu",0.546643022192718,0.00641025641025641,"z",79.5,79.5,1,159
"IAT","ku",0.297474786567973,0.0102040816326531,"z",50.5,50.5,1,101
"IAT","laurier",0.409443429277212,0.0104166666666667,"z",49.5,49.5,1,99
"IAT","lse",0.380336888062185,0.00390625,"z",129.5,129.5,1,259
"IAT","luc",0.482195263334283,0.0078125,"z",65.5,65.5,1,131
"IAT","mcdaniel",0.445266129680317,0.0119047619047619,"z",43.5,43.5,1,87
"IAT","msvu",0.502396766725227,0.0181818181818182,"z",29,29,1,58
"IAT","mturk",0.337227523773896,0.00115207373271889,"z",435.5,435.5,1,871
"IAT","original",0.447692023527421,0.00416666666666667,"z",121.5,121.5,1,243
"IAT","osu",0.257547286842783,0.0119047619047619,"z",43.5,43.5,1,87
"IAT","oxy",0.405916575407461,0.00934579439252336,"z",55,55,1,110
"IAT","pi",0.365443754271396,0.000850340136054422,"z",589.5,589.5,1,1179
"IAT","psu",0.417710618112312,0.0120481927710843,"z",43,43,1,86
"IAT","qccuny",0.459896681212679,0.0111111111111111,"z",46.5,46.5,1,93
"IAT","qccuny2",NA,0.2,"z",4,4,1,8
"IAT","sdsu",0.360892579373737,0.00684931506849315,"z",74.5,74.5,1,149
"IAT","swps",0.309519604203112,0.0142857142857143,"z",36.5,36.5,1,73
"IAT","swpson",0.442845145712719,0.00628930817610063,"z",81,81,1,162
"IAT","tamu",0.301844856437642,0.00581395348837209,"z",87.5,87.5,1,175
"IAT","tamuc",0.32608655317482,0.0126582278481013,"z",41,41,1,82
"IAT","tamuon",0.492249490950344,0.00515463917525773,"z",98.5,98.5,1,197
"IAT","tilburg",0.349576602310079,0.0136986301369863,"z",38,38,1,76
"IAT","ufl",0.691586142763692,0.00833333333333333,"z",61.5,61.5,1,123
"IAT","unipd",0.522984277591344,0.00793650793650794,"z",64.5,64.5,1,129
"IAT","uva",0.606983185004545,0.0133333333333333,"z",39,39,1,78
"IAT","vcu",0.454999602327337,0.010752688172043,"z",48,48,1,96
"IAT","wisc",0.614090362545016,0.0119047619047619,"z",43.5,43.5,1,87
"IAT","wku",0.390742320908816,0.0116279069767442,"z",44.5,44.5,1,89
"IAT","wl",0.316126174664786,0.0116279069767442,"z",44.5,44.5,1,89
"IAT","wpi",0.33499294560134,0.012987012987013,"z",40,40,1,80
"Imaginedcontact","abington",0.114955815681903,0.0494904244651627,"d",50,34,0,84
"Imaginedcontact","brasilia",0.0821479196459303,0.0335102606934018,"d",56,64,0,120
"Imaginedcontact","charles",-0.00936008994039253,0.048980113332471,"d",49,35,0,84
"Imaginedcontact","conncoll",0.208930339224166,0.042377040471922,"d",46,49,0,95
"Imaginedcontact","csun",0.0288928089506567,0.0416891068975342,"d",47,49,0,96
"Imaginedcontact","help",-0.22070735026034,0.0394544692865634,"d",51,51,0,102
"Imaginedcontact","ithaca",0.682036486985399,0.0471167084180547,"d",47,43,0,90
"Imaginedcontact","jmu",0.181715495777961,0.0233911778932923,"d",97,77,0,174
"Imaginedcontact","ku",-0.162751403528165,0.0355404011176072,"d",58,55,0,113
"Imaginedcontact","laurier",0.0220822083905738,0.0357164626068188,"d",56,56,0,112
"Imaginedcontact","lse",0.179098358501275,0.0145000265335716,"d",140,137,0,277
"Imaginedcontact","luc",0.152327306762877,0.027481866814682,"d",72,74,0,146
"Imaginedcontact","mcdaniel",0.189640606025303,0.0411533872137847,"d",46,52,0,98
"Imaginedcontact","msvu",0.328845615128787,0.0477536309743555,"d",44,41,0,85
"Imaginedcontact","mturk",0.262114049862881,0.00403954261475019,"d",482,518,0,1000
"Imaginedcontact","original",0.86,0.163983838383838,"d",24,9,0,33
"Imaginedcontact","osu",-0.107723903457445,0.0374668137648122,"d",55,52,0,107
"Imaginedcontact","oxy",0.293784785182027,0.0331406127049363,"d",61,61,0,122
"Imaginedcontact","pi",0.154724235532494,0.00302108891912429,"d",662,666,0,1328
"Imaginedcontact","psu",0.294446721632633,0.0427914257165287,"d",51,44,0,95
"Imaginedcontact","qccuny",-0.287718038876089,0.0401110681086387,"d",53,48,0,101
"Imaginedcontact","qccuny2",0.325848833925775,0.048216958527605,"d",47,38,0,85
"Imaginedcontact","sdsu",0.301872607245301,0.0249726144166823,"d",81,81,0,162
"Imaginedcontact","swps",0.346709671391876,0.0517943993023843,"d",43,36,0,79
"Imaginedcontact","swpson",0.0931636341425969,0.0242507776607655,"d",73,95,0,168
"Imaginedcontact","tamu",-0.0854638697395273,0.0214105156514178,"d",94,93,0,187
"Imaginedcontact","tamuc",-0.1133014030798,0.0471008040841526,"d",37,50,0,87
"Imaginedcontact","tamuon",0.315676903920122,0.0182995460643925,"d",127,98,0,225
"Imaginedcontact","tilburg",-0.522358842140272,0.0519882082302787,"d",43,37,0,80
"Imaginedcontact","ufl",0.118561167573365,0.0318849154720669,"d",70,57,0,127
"Imaginedcontact","unipd",0.168946401850309,0.0281060674398424,"d",69,74,0,143
"Imaginedcontact","uva",0.0367316046586367,0.0506966889121731,"d",34,47,0,81
"Imaginedcontact","vcu",0.000858873356808293,0.0383512579273122,"d",45,62,0,107
"Imaginedcontact","wisc",0.0821525550563785,0.0417199102719781,"d",47,49,0,96
"Imaginedcontact","wku",-0.208107377578682,0.0394932263975106,"d",57,46,0,103
"Imaginedcontact","wl",0.0250544864616797,0.0445358970720129,"d",47,43,0,90
"Imaginedcontact","wpi",0.143618553196943,0.0479207396919816,"d",35,52,0,87
"Mathartgender","abington",0.801793475709326,0.0647090897513974,"d",53,24,1,77
"Mathartgender","brasilia",0.366846936645067,0.036813420730895,"d",65,48,1,113
"Mathartgender","charles",0.922307247547788,0.0680124913828851,"d",58,22,1,80
"Mathartgender","conncoll",0.489215240713722,0.053418080779967,"d",57,29,1,86
"Mathartgender","csun",0.0184574037190522,0.076390824546571,"d",72,16,1,88
"Mathartgender","help",0.18705072077216,0.0503873897093369,"d",69,28,1,97
"Mathartgender","ithaca",0.598078011212646,0.0749404075193368,"d",71,17,1,88
"Mathartgender","jmu",0.82858731672105,0.0426881631112092,"d",137,30,1,167
"Mathartgender","ku",0.864428079842987,0.0435735101177773,"d",64,41,1,105
"Mathartgender","laurier",0.969720383017214,0.0417108233134154,"d",59,49,1,108
"Mathartgender","lse",0.782625349695023,0.017817837481663,"d",176,91,1,267
"Mathartgender","luc",0.849699878518728,0.0608247106239413,"d",121,20,1,141
"Mathartgender","mcdaniel",0.652559732959627,0.0664242554218158,"d",71,20,1,91
"Mathartgender","msvu",0.38876070932091,0.13158069090837,"d",52,9,1,61
"Mathartgender","mturk",0.549896412031342,0.00467425981529871,"d",484,410,1,894
"Mathartgender","original",1.01,0.0570973547549497,"d",40,39,1,79
"Mathartgender","osu",0.610194382164627,0.0520685399112515,"d",60,30,1,90
"Mathartgender","oxy",0.616461379974945,0.044638742775518,"d",85,32,1,117
"Mathartgender","pi",0.632078379469346,0.00373963368588601,"d",809,427,1,1236
"Mathartgender","psu",0.563475679296205,0.0819639152428674,"d",74,15,1,89
"Mathartgender","qccuny",0.311775174682627,0.0666676933186689,"d",74,19,1,93
"Mathartgender","qccuny2",NA,NA,"d",4,4,1,8
"Mathartgender","sdsu",0.460313979359393,0.0355463107935756,"d",117,38,1,155
"Mathartgender","swps",0.41973867258778,0.0607669257245296,"d",51,25,1,76
"Mathartgender","swpson",0.585070318325251,0.0288337907368285,"d",112,53,1,165
"Mathartgender","tamu",0.399780618702164,0.025952279391463,"d",121,58,1,179
"Mathartgender","tamuc",0.66108297518279,0.0837607935045963,"d",69,15,1,84
"Mathartgender","tamuon",0.118403436736782,0.0283908919652388,"d",163,45,1,208
"Mathartgender","tilburg",0.106822973070511,0.0673145276922398,"d",58,20,1,78
"Mathartgender","ufl",0.701290646181858,0.0448635966701581,"d",94,31,1,125
"Mathartgender","unipd",0.75215129636428,0.0345721790138927,"d",86,48,1,134
"Mathartgender","uva",1.13992177956202,0.0672316476955416,"d",57,24,1,81
"Mathartgender","vcu",0.765357107533582,0.05755353857473,"d",77,24,1,101
"Mathartgender","wisc",0.84706020526428,0.079775701417632,"d",75,16,1,91
"Mathartgender","wku",0.338228751603448,0.053556390444786,"d",69,26,1,95
"Mathartgender","wl",0.0940992049689354,0.0846356587230568,"d",76,14,1,90
"Mathartgender","wpi",0.526683901096409,0.0492702138790127,"d",42,42,1,84
"Moneypriming","abington",-0.00659718634473403,0.0477275317919612,"d",40,44,0,84
"Moneypriming","brasilia",0.17566991022397,0.0334711781543158,"d",59,61,0,120
"Moneypriming","charles",-0.146852775727455,0.0478556402138136,"d",44,40,0,84
"Moneypriming","conncoll",0.232634268761876,0.043466653460778,"d",55,40,0,95
"Moneypriming","csun",0.0113422617234109,0.0417398004707253,"d",46,50,0,96
"Moneypriming","help",-0.236309498352744,0.039625588023478,"d",48,54,0,102
"Moneypriming","ithaca",0.00777657873552457,0.0467535827264514,"d",35,55,0,90
"Moneypriming","jmu",0.117553122986771,0.0231043961821854,"d",92,82,0,174
"Moneypriming","ku",-0.126095952167575,0.0354935523114243,"d",58,55,0,113
"Moneypriming","laurier",-0.1398954815806,0.035813047231685,"d",57,55,0,112
"Moneypriming","lse",-0.162533812905939,0.0145715939453193,"d",128,149,0,277
"Moneypriming","luc",-0.0686584846729602,0.0279869341417167,"d",64,81,0,145
"Moneypriming","mcdaniel",0.40594404666721,0.041930914959833,"d",45,53,0,98
"Moneypriming","msvu",0.195449860968765,0.0473422263247277,"d",44,41,0,85
"Moneypriming","mturk",-0.064828217322372,0.00400726726714121,"d",508,491,0,999
"Moneypriming","original",0.8,0.144,"d",15,15,0,30
"Moneypriming","osu",0.0958141399071191,0.0378253847047069,"d",48,59,0,107
"Moneypriming","oxy",0.0356278254899991,0.0332296030925628,"d",54,68,0,122
"Moneypriming","pi",-0.0279719284391562,0.00301787482525019,"d",651,675,0,1326
"Moneypriming","psu",0.0142622983814046,0.0423361864600809,"d",44,51,0,95
"Moneypriming","qccuny",0.0309521101835446,0.0399733482784255,"d",44,58,0,102
"Moneypriming","qccuny2",0.133452274762043,0.0482907028644907,"d",49,36,0,85
"Moneypriming","sdsu",-0.214787983022771,0.0248941073806344,"d",77,85,0,162
"Moneypriming","swps",0.208114063166413,0.0519081101134693,"d",34,45,0,79
"Moneypriming","swpson",-0.119475080524925,0.023898809846021,"d",92,77,0,169
"Moneypriming","tamu",-0.158831597062409,0.0214584391893711,"d",94,93,0,187
"Moneypriming","tamuc",-0.260957031427129,0.0465207454421139,"d",46,41,0,87
"Moneypriming","tamuon",0.177470249240813,0.0178481193715078,"d",112,113,0,225
"Moneypriming","tilburg",0.211268014452114,0.0502789635870659,"d",40,40,0,80
"Moneypriming","ufl",-0.14937397067401,0.0315858606884289,"d",64,63,0,127
"Moneypriming","unipd",-0.029364221937686,0.0284485489385762,"d",78,64,0,142
"Moneypriming","uva",0.296549089131458,0.0499933973657636,"d",42,39,0,81
"Moneypriming","vcu",-0.0574798355049506,0.0403623469261616,"d",68,39,0,107
"Moneypriming","wisc",-0.203550624872965,0.0419005551396025,"d",47,49,0,96
"Moneypriming","wku",0.177724077933862,0.0423318715371705,"d",37,66,0,103
"Moneypriming","wl",0.240286831032114,0.0447871685018745,"d",46,44,0,90
"Moneypriming","wpi",-0.189665827071837,0.0466811010775707,"d",48,39,0,87
"Quote Attribution","abington",0.218425285371429,0.0488950968568825,"d",36,48,1,84
"Quote Attribution","brasilia",0.190833314650093,0.0365667227826849,"d",76,43,1,119
"Quote Attribution","charles",0.288054845688053,0.0483571502092262,"d",39,45,1,84
"Quote Attribution","conncoll",0.143992211621921,0.0426827497096466,"d",46,48,1,94
"Quote Attribution","csun",0.791339647580022,0.0449463133736957,"d",47,49,1,96
"Quote Attribution","help",0.19187779176909,0.0403854424124014,"d",59,43,1,102
"Quote Attribution","ithaca",0.542275209832614,0.048386926771019,"d",55,35,1,90
"Quote Attribution","jmu",0.686667559620578,0.0244932183822119,"d",94,80,1,174
"Quote Attribution","ku",-0.089224986417609,0.0355028971591269,"d",59,54,1,113
"Quote Attribution","laurier",0.28679475458882,0.0361270908255583,"d",58,54,1,112
"Quote Attribution","lse",0.378788458451868,0.0147011176423053,"d",137,140,1,277
"Quote Attribution","luc",0.40960298210108,0.0279924109336214,"d",71,75,1,146
"Quote Attribution","mcdaniel",0.0926326978464395,0.0408771130104267,"d",50,48,1,98
"Quote Attribution","msvu",-0.0284535518963643,0.0477320918023651,"d",44,40,1,84
"Quote Attribution","mturk",0.443761436260195,0.00410507375717175,"d",512,487,1,999
"Quote Attribution","original",NA,NA,"None",49.5,49.5,1,99
"Quote Attribution","osu",0.266949651811284,0.0377455879574573,"d",52,55,1,107
"Quote Attribution","oxy",0.173349985944425,0.0329188555543498,"d",62,60,1,122
"Quote Attribution","pi",0.266390146711976,0.00305355567767853,"d",673,649,1,1322
"Quote Attribution","psu",0.427762506393306,0.0431103503415407,"d",49,46,1,95
"Quote Attribution","qccuny",0.944404931375613,0.0440542823693752,"d",52,49,1,101
"Quote Attribution","qccuny2",0.408094408763047,0.0495510817859207,"d",50,35,1,85
"Quote Attribution","sdsu",0.408394529984754,0.0252211925084494,"d",79,83,1,162
"Quote Attribution","swps",-0.00987660772512734,0.0506416430295076,"d",39,40,1,79
"Quote Attribution","swpson",0.312380773940861,0.0244950594726644,"d",92,75,1,167
"Quote Attribution","tamu",0.345815314260341,0.0219493807175425,"d",100,86,1,186
"Quote Attribution","tamuc",0.517779585084876,0.0476701542149841,"d",46,41,1,87
"Quote Attribution","tamuon",0.38143616984584,0.018355833791936,"d",101,123,1,224
"Quote Attribution","tilburg",0.556370142216861,0.053085568485355,"d",34,46,1,80
"Quote Attribution","ufl",0.499085166215481,0.0327147864891881,"d",69,58,1,127
"Quote Attribution","unipd",-0.263769380485424,0.0281539635035693,"d",77,67,1,144
"Quote Attribution","uva",0.158679554380165,0.0496059766170821,"d",42,39,1,81
"Quote Attribution","vcu",0.307180221592066,0.0377941662175741,"d",49,59,1,108
"Quote Attribution","wisc",0.223803794436064,0.0428329378051113,"d",55,41,1,96
"Quote Attribution","wku",0.653204824846258,0.0409098577233757,"d",51,52,1,103
"Quote Attribution","wl",-0.357649336089818,0.0451550724866972,"d",45,45,1,90
"Quote Attribution","wpi",0.227891375632969,0.0463302200494925,"d",42,45,1,87
"Reciprocity","abington",0.139916534199054,0.062408608372802,"d",44,40,1,84
"Reciprocity","brasilia",0.420189833051723,0.0554415481055909,"d",56,64,1,120
"Reciprocity","charles",0.634568683218922,0.161787051299862,"d",45,38,1,83
"Reciprocity","conncoll",0.135675521783437,0.0614490593372685,"d",52,41,1,93
"Reciprocity","csun",0.138556906147671,0.0510626600102258,"d",48,48,1,96
"Reciprocity","help",0.199465305666953,0.0741351883976446,"d",51,51,1,102
"Reciprocity","ithaca",0.0762513617020548,0.0595777043648112,"d",34,54,1,88
"Reciprocity","jmu",0.472049255068325,0.0306550557403453,"d",82,90,1,172
"Reciprocity","ku",-0.115581544471898,0.0898677396671365,"d",58,54,1,112
"Reciprocity","laurier",0.37258726381275,0.0586455475099354,"d",51,57,1,108
"Reciprocity","lse",0.31967069053293,0.0380750533673099,"d",140,136,1,276
"Reciprocity","luc",0.35434258160332,0.0366490171000878,"d",77,67,1,144
"Reciprocity","mcdaniel",0.736024663508455,0.056408050776319,"d",53,45,1,98
"Reciprocity","msvu",0.238319248416646,0.0767865188212525,"d",41,43,1,84
"Reciprocity","mturk",0.582709395086072,0.006940216315271,"d",502,495,1,997
"Reciprocity","original",0.16,0.00286989795918367,"d",NA,NA,1,NA
"Reciprocity","osu",0.848928788194303,0.073653068577659,"d",53,53,1,106
"Reciprocity","oxy",0.2126268695517,0.0753650804210212,"d",58,63,1,121
"Reciprocity","pi",0.290226221912407,0.00548300952771436,"d",631,679,1,1310
"Reciprocity","psu",0.707595890145241,0.0573407431675129,"d",44,51,1,95
"Reciprocity","qccuny",0.323105772644819,0.0517540424831475,"d",39,63,1,102
"Reciprocity","qccuny2",-0.116050560999904,0.0641258554726843,"d",41,41,1,82
"Reciprocity","sdsu",0.516849014211482,0.0356935383371362,"d",81,79,1,160
"Reciprocity","swps",0.447089260370704,0.10575398542669,"d",35,44,1,79
"Reciprocity","swpson",0.507997659889985,0.0907436974379179,"d",75,92,1,167
"Reciprocity","tamu",0.635452177765256,0.0288504890656986,"d",97,87,1,184
"Reciprocity","tamuc",0.119052951418421,0.0595881926176266,"d",37,48,1,85
"Reciprocity","tamuon",0.333193022730869,0.0224225189569995,"d",109,114,1,223
"Reciprocity","tilburg",0.461933627339572,0.0690138622527369,"d",43,36,1,79
"Reciprocity","ufl",0.283564028336916,0.043040681923886,"d",63,62,1,125
"Reciprocity","unipd",0.018379331763448,0.0776823893851322,"d",70,68,1,138
"Reciprocity","uva",0.324063772704144,0.0729512522224832,"d",40,40,1,80
"Reciprocity","vcu",0.618772306031362,0.0503650717022121,"d",47,61,1,108
"Reciprocity","wisc",0.0892287364532977,0.0609138927132135,"d",41,55,1,96
"Reciprocity","wku",0.559356769724805,0.0513797031347153,"d",51,52,1,103
"Reciprocity","wl",0.0509787518373799,0.0814628811432065,"d",49,41,1,90
"Reciprocity","wpi",0.169975448075361,0.07900639914968,"d",36,50,1,86
"Scales","abington",0.121153846153846,0.00832225999468973,"rd",40,66,1,106
"Scales","brasilia",0.317460317460317,0.00343935340156051,"rd",63,100,1,163
"Scales","charles",0.131578947368421,0.00300699810467998,"rd",38,80,1,118
"Scales","conncoll",0.0909090909090909,0.00187828700225394,"rd",44,84,1,128
"Scales","csun",0.209109730848861,0.00665422792353617,"rd",46,76,1,122
"Scales","help",0.19047619047619,0.00743723037211861,"rd",45,84,1,129
"Scales","ithaca",0.122648083623693,0.00519003956995932,"rd",35,78,1,113
"Scales","jmu",0.0879120879120879,0.000881137941879398,"rd",91,144,1,235
"Scales","ku",-0.0322997416020672,0.00149990603674936,"rd",43,102,1,145
"Scales","laurier",0.155555555555556,0.00291906721536351,"rd",45,116,1,161
"Scales","lse",0.138272200772201,0.00123959873850267,"rd",112,292,1,404
"Scales","luc",0.1545661522894,0.00260527490703908,"rd",59,132,1,191
"Scales","mcdaniel",0.170731707317073,0.00345322905935782,"rd",41,92,1,133
"Scales","msvu",0.153488372093023,0.00560278430111275,"rd",35,82,1,117
"Scales","mturk",0.222646437010322,0.000781869442753173,"rd",473,846,1,1319
"Scales","original",0.213235294117647,0.139258995188149,"rd",68,64,1,132
"Scales","osu",0.144081632653061,0.00444294530340249,"rd",49,94,1,143
"Scales","oxy",0.11124213836478,0.00258784480549862,"rd",53,94,1,147
"Scales","pi",0.187331869684811,0.000488988917653002,"rd",595,1192,1,1787
"Scales","psu",0.111111111111111,0.00305075445816187,"rd",45,88,1,133
"Scales","qccuny",0.219991971095945,0.00526478864400677,"rd",47,100,1,147
"Scales","qccuny2",0.178904428904429,0.0043384817265875,"rd",44,76,1,120
"Scales","sdsu",0.23277027027027,0.00311636445984196,"rd",74,154,1,228
"Scales","swps",0.333333333333333,0.00617283950617284,"rd",36,70,1,106
"Scales","swpson",0.0885572139303483,0.00256430232195868,"rd",60,128,1,188
"Scales","tamu",0.0854926555537217,0.00162002479524089,"rd",73,162,1,235
"Scales","tamuc",0.307692307692308,0.00633860988890575,"rd",39,76,1,115
"Scales","tamuon",0.118571428571429,0.00187367565597668,"rd",112,188,1,300
"Scales","tilburg",0.292063492063492,0.00664028762592633,"rd",35,88,1,123
"Scales","ufl",0.207471264367816,0.00327142606032167,"rd",58,118,1,176
"Scales","unipd",0.242216117216117,0.00382226091469201,"rd",56,152,1,208
"Scales","uva",0.0357142857142857,0.00122995626822157,"rd",28,78,1,106
"Scales","vcu",0.179197994987469,0.00460272128994291,"rd",42,110,1,152
"Scales","wisc",0.135121951219512,0.00495847257004396,"rd",41,94,1,135
"Scales","wku",0.291133844842285,0.00648218251911141,"rd",46,94,1,140
"Scales","wl",0.027027027027027,0.000710718022624524,"rd",37,104,1,141
"Scales","wpi",0.05,0.0011875,"rd",40,82,1,122
"Sunkcosts","abington",0.54714264992329,0.0503930461073318,"d",36,48,1,84
"Sunkcosts","brasilia",0.237676102615769,0.0338018082737445,"d",65,55,1,120
"Sunkcosts","charles",0.467932736813168,0.0502829313973386,"d",35,49,1,84
"Sunkcosts","conncoll",0.406187254088436,0.043090580566348,"d",50,45,1,95
"Sunkcosts","csun",0.52654774673657,0.0431831540264147,"d",50,46,1,96
"Sunkcosts","help",-0.0612586474343448,0.0399870472429386,"d",58,44,1,102
"Sunkcosts","ithaca",0.233233295531995,0.0470554565873841,"d",35,55,1,90
"Sunkcosts","jmu",0.566831428165998,0.0240216369198965,"d",81,93,1,174
"Sunkcosts","ku",0.492449856519461,0.0366972510625078,"d",52,61,1,113
"Sunkcosts","laurier",0.447235545433304,0.0366186226215616,"d",55,57,1,112
"Sunkcosts","lse",0.412328042881814,0.0150240728416699,"d",155,121,1,276
"Sunkcosts","luc",0.271689019712133,0.0276551932360741,"d",74,72,1,146
"Sunkcosts","mcdaniel",0.149810868682476,0.0414626606667561,"d",51,46,1,97
"Sunkcosts","msvu",0.332252611160009,0.0478715857376495,"d",40,45,1,85
"Sunkcosts","mturk",0.306148862228562,0.00405905534435606,"d",522,477,1,999
"Sunkcosts","original",0.227912862495395,0.018901277635894,"d",106.5,106.5,1,213
"Sunkcosts","osu",0.456393576036457,0.0389166039825968,"d",47,60,1,107
"Sunkcosts","oxy",0.680474192026528,0.0349063839349455,"d",56,66,1,122
"Sunkcosts","pi",0.183991879334116,0.00303942287646781,"d",683,640,1,1323
"Sunkcosts","psu",0.15193578067462,0.0422314263487995,"d",48,47,1,95
"Sunkcosts","qccuny",-0.0811444741926147,0.0393083643901374,"d",53,49,1,102
"Sunkcosts","qccuny2",0.141085364536086,0.0467281933344652,"d",41,45,1,86
"Sunkcosts","sdsu",0.27724253007466,0.0251143826564159,"d",88,74,1,162
"Sunkcosts","swps",-0.0672934811738198,0.0506696864803199,"d",40,39,1,79
"Sunkcosts","swpson",0.122932451363867,0.0239766012756666,"d",90,78,1,168
"Sunkcosts","tamu",0.349318490456254,0.0217172518405723,"d",94,93,1,187
"Sunkcosts","tamuc",0.377757924047312,0.0470967167169828,"d",47,40,1,87
"Sunkcosts","tamuon",0.32039916403669,0.0185000092681898,"d",131,94,1,225
"Sunkcosts","tilburg",0.505622116696866,0.0518806767610968,"d",37,43,1,80
"Sunkcosts","ufl",0.14821055469557,0.0316314395403052,"d",61,66,1,127
"Sunkcosts","unipd",0.463790213324606,0.0289655746144438,"d",81,63,1,144
"Sunkcosts","uva",0.437097593039123,0.0514899065731284,"d",46,35,1,81
"Sunkcosts","vcu",0.327095257094592,0.0375323671630267,"d",54,54,1,108
"Sunkcosts","wisc",0.134537070011461,0.0417609386625379,"d",48,48,1,96
"Sunkcosts","wku",0.0466917532566183,0.039979338899491,"d",44,58,1,102
"Sunkcosts","wl",0.256940970682782,0.0455944685976567,"d",48,41,1,89
"Sunkcosts","wpi",0.418997789327607,0.0472855563622752,"d",47,40,1,87
