"UID","session","treatment","wta.pen","wta.mug","Date","ExperimentalID","SubjectItem","YourNumber","Condition","BirthYear","Gender","Ethnicity","Country","Language","Education","Major","HSSStudent","HSSClasses","IsTalkative","TendsFault","ThoroughJob","IsDepressed","IsOriginal","IsReserved","IsHelpful","Careless","IsRelaxed","Curious","Energy","Quarrels","Reliable","Tense","Ingenious","Enthusiasm","Forgiving","Disorganized","Worries","Imagination","Quiet","Trusting","TendsLazy","Stable","Inventive","Assertive","ColdAloof","Perseveres","Moody","Artistic","Shy","Considerate","Efficient","Calm","PrefersRoutine","Outgoing","Rude","FollowsThrough","Nervous","Reflect","FewArtistic","Cooperate","Distracted","Sophisticated","theMugBid","thePenBid","WillingToPay","LikeBetterSubjectItem","ThinkOtherItem","ThinkSubjectItem","ThinkMoreAboutSubjectItem","leaveWithItem","leaveWithLess","BDMItem","BDMPrice","Female","HighTreat","Age","Day"
"1B10","1_tuesday_2.30","MH",1.155,3.135,"10-06-2015",11,"mug",8,"MH",1996,"M","Asian","United States","English","College","Engineering",FALSE,"",3,4,4,2,2,4,3,2,3,2,2,3,5,4,2,3,2,2,4,3,4,4,2,3,2,3,4,4,4,4,4,4,3,4,4,3,3,5,4,4,4,4,4,1,"000","000","0","0","0","0","0","000","000","000","000",0,1,19,1
"1B11","1_tuesday_2.30","MH",5.445,4.125,"10-06-2015",11,"mug",8,"MH",1995,"M","Caucasian","United States","English","College","History",FALSE,"",4,4,4,3,3,2,4,2,3,5,4,2,4,3,4,4,4,2,4,3,2,4,2,3,3,3,1,4,3,2,3,4,4,3,4,4,4,4,4,4,4,4,3,1,"000","000","0","0","0","0","0","000","000","000","000",0,1,20,1
"1B12","1_tuesday_2.30","ML",3.135,4.125,"10-06-2015",12,"mug",1,"ML",1994,"F","Caucasian","United States","English","College","English",FALSE,"",4,3,4,3,5,4,2,3,2,5,3,3,4,4,5,5,1,5,4,4,3,2,4,4,4,4,3,4,4,5,4,3,2,3,2,4,4,4,4,5,1,4,3,5,"000","000","0","0","0","0","0","000","000","000","000",1,0,21,1
"1B7","1_tuesday_2.30","ML",0.825,0.825,"10-06-2015",71,"mug",1,"ML",1993,"M","Caucasian","United States","English","College"," gov",FALSE,"",5,3,4,2,3,2,4,3,4,4,4,4,4,3,3,4,4,1,2,3,2,4,2,3,4,4,2,4,3,3,2,4,4,4,2,4,3,4,3,4,3,4,3,3,"000","000","0","0","0","0","0","000","000","000","000",0,0,22,1
"1B8","1_tuesday_2.30","ML",1.485,0,"10-06-2015",1,"mug",1,"ML",1995,"M","Caucasian","United States","English","College","Slavic Langauges and Literatures",FALSE,"",4,2,5,2,4,2,5,2,3,4,4,1,4,4,3,5,5,4,3,3,2,5,2,4,4,3,2,4,3,5,4,5,3,4,2,5,2,5,2,3,1,3,4,5,"000","000","0","0","0","0","0","000","000","000","000",0,0,20,1
"1C1","1_tuesday_2.30","ML",2.145,1.155,"10-06-2015",13,"mug",1,"ML",1992,"F","Asian","United States","English","Graduate School","Law",FALSE,"",3,4,4,2,3,3,4,4,4,5,4,3,4,4,2,2,2,3,4,3,4,4,2,3,2,3,3,4,4,3,4,3,4,3,3,3,2,4,3,3,2,4,3,3,"000","000","0","0","0","0","0","000","000","000","000",1,0,23,1
"1C10","1_tuesday_2.30","MH",5.775,7.095,"10-06-2015",22,"mug",8,"MH",1994,"F","Hispanic","United States","English","College","History and Science",FALSE,"",4,5,5,4,4,4,5,4,3,5,3,3,5,4,4,3,4,5,4,3,2,4,2,1,4,4,4,5,4,3,4,4,4,4,2,3,3,3,3,4,3,4,5,2,"000","000","0","0","0","0","0","000","000","000","000",1,1,21,1
"1C12","1_tuesday_2.30","ML",3.135,2.805,"10-06-2015",24,"mug",1,"ML",1989,"F","Asian","United States","English","Graduate School","ECONOMICS",FALSE,"",2,3,2,3,4,4,4,4,3,5,3,1,2,4,2,3,2,2,4,5,3,4,3,3,5,2,4,2,4,5,4,4,2,2,3,3,3,2,2,5,2,4,5,4,"000","000","0","0","0","0","0","000","000","000","000",1,0,26,1
"1C2","1_tuesday_2.30","MH",0.165,1.155,"10-06-2015",14,"mug",8,"MH",1992,"M","Caucasian","United States","English","College","History",FALSE,"",2,2,4,2,4,4,4,2,3,4,4,2,4,4,4,4,3,2,3,4,4,5,2,4,4,4,3,4,3,4,4,4,5,4,2,3,3,4,3,4,1,4,3,5,"000","000","0","0","0","0","0","000","000","000","000",0,1,23,1
"1C3","1_tuesday_2.30","MH",2.475,5.115,"10-06-2015",1,"mug",8,"MH",1996,"F","Caucasian","United States","English","College","Women's; Gender; and Sexuality Studies",FALSE,"",3,2,4,4,4,4,4,2,2,4,2,2,4,4,4,2,4,4,4,4,4,4,3,2,4,3,4,4,4,4,4,4,4,2,4,2,4,4,5,4,1,4,4,4,"000","000","0","0","0","0","0","000","000","000","000",1,1,19,1
"1C4","1_tuesday_2.30","ML",8.085,5.115,"10-06-2015",1,"mug",1,"ML",1996,"M","Asian","United States","English","College","Statistics & Mathematics",FALSE,"",5,4,5,4,4,4,5,3,3,2,4,3,2,4,5,3,3,1,5,5,4,3,2,4,4,3,4,5,3,2,2,4,4,4,5,4,3,4,4,5,4,4,3,5,"000","000","0","0","0","0","0","000","000","000","000",0,0,19,1
"1C7","1_tuesday_2.30","ML",7.755,9.57,"10-06-2015",1,"mug",1,"ML",1993,"M","African/African American","Kenya","Swahili","College","Statistics",FALSE,"",4,3,4,2,4,3,4,4,5,4,5,1,5,4,4,4,4,2,2,5,2,4,2,4,4,4,3,3,4,4,2,5,4,4,3,4,1,4,2,4,4,5,4,4,"000","000","0","0","0","0","0","000","000","000","000",0,0,22,1
"1C8","1_tuesday_2.30","MH",5.115,0.165,"10-06-2015",1,"mug",8,"MH",1994,"M","Caucasian","United States","English","College","Economics",FALSE,"",4,2,4,2,4,4,4,3,4,3,4,2,4,3,4,4,4,2,2,4,4,4,2,4,4,2,4,4,2,4,4,4,4,4,4,4,2,4,2,4,3,3,3,2,"000","000","0","0","0","0","0","000","000","000","000",0,1,21,1
"10B12","10_thursday_1.00","MH",8.085,3.795,"10-08-2015",121,"mug",8,"MH",1989,"M","Caucasian","Australia","English","Graduate School","LAW",FALSE,"",4,4,4,2,4,1,3,4,5,5,4,2,4,3,4,3,5,3,3,4,2,5,2,4,4,4,2,4,4,5,1,2,5,4,2,4,4,5,2,4,1,2,2,5,"000","000","0","0","0","0","0","000","000","000","000",0,1,26,3
"10C1","10_thursday_1.00","MH",2.145,5.115,"10-08-2015",131,"mug",8,"MH",1982,"M","Caucasian","United States","English","Graduate School","Statistics",FALSE,"",3,3,4,4,4,4,3,4,2,5,3,3,4,4,5,3,3,3,4,4,4,3,2,2,4,4,4,3,4,5,4,2,5,3,4,4,4,4,4,5,2,4,3,4,"000","000","0","0","0","0","0","000","000","000","000",0,1,33,3
"10C2","10_thursday_1.00","MH",0,0,"10-08-2015",141,"mug",8,"MH",1996,"M","Caucasian","United States","English","College","Linguistics",FALSE,"",4,2,4,2,3,2,4,3,2,4,4,1,4,4,3,4,4,2,3,4,2,4,2,4,3,2,3,4,3,4,4,4,3,4,4,4,3,3,3,4,2,4,3,3,"000","000","0","0","0","0","0","000","000","000","000",0,1,19,3
"10C4","10_thursday_1.00","ML",3.465,6.765,"10-08-2015",161,"mug",1,"ML",1994,"M","Caucasian","United States","English","College","Human Evolutionary Biology",FALSE,"",2,1,5,1,3,3,4,2,5,5,4,1,5,2,5,4,5,2,1,4,4,5,2,5,4,2,2,3,2,4,4,4,4,4,3,3,2,4,2,5,2,3,4,3,"000","000","0","0","0","0","0","000","000","000","000",0,0,21,3
"10C6","10_thursday_1.00","MH",1.155,1.155,"10-08-2015",181,"mug",8,"MH",1994,"F","African/African American","United States","English","College","Psychology",FALSE,"",4,4,5,3,2,2,4,4,1,2,2,3,4,4,3,4,3,3,5,4,1,3,3,1,4,4,4,4,4,3,4,3,4,4,2,4,4,4,3,3,4,3,2,2,"000","000","0","0","0","0","0","000","000","000","000",1,1,21,3
"11B10","11_thursday_2.30","MH",0.165,8.085,"10-08-2015",101,"mug",8,"MH",1995,"F","Caucasian","United States","English","College","History and Literature",FALSE,"",5,4,3,4,4,2,2,4,2,5,4,4,2,4,3,3,2,5,4,5,1,3,3,1,4,4,2,3,4,5,2,2,2,2,2,4,4,2,4,4,1,4,5,4,"000","000","0","0","0","0","0","000","000","000","000",1,1,20,3
"11B7","11_thursday_2.30","MH",7.095,6.105,"10-08-2015",71,"mug",8,"MH",1997,"F","Hispanic","United States","Spanish","College","Mathematics",FALSE,"",4,2,4,2,2,5,4,2,3,5,5,1,4,2,4,4,3,3,4,4,5,4,4,4,2,1,2,3,2,5,5,5,4,2,5,4,1,4,4,4,3,3,4,3,"000","000","0","0","0","0","0","000","000","000","000",1,1,18,3
"11C2","11_thursday_2.30","ML",7.095,2.145,"10-08-2015",141,"mug",1,"ML",1990,"M","Caucasian","United States","English","College","Social Sciences",FALSE,"",2,3,3,4,5,4,4,2,3,5,2,1,5,4,4,2,4,2,4,5,4,4,1,4,4,2,4,4,2,5,4,5,4,5,2,3,1,4,4,5,2,5,2,3,"000","000","0","0","0","0","0","000","000","000","000",0,0,25,3
"11C3","11_thursday_2.30","ML",1.815,4.455,"10-08-2015",151,"mug",1,"ML",1991,"F","Caucasian","United States","English","Graduate School","Biostatistics",FALSE,"",3,2,4,2,4,3,4,3,3,3,3,1,4,4,3,3,4,2,4,3,3,4,2,3,3,3,3,4,2,3,3,4,4,4,2,3,2,4,4,3,2,4,4,3,"000","000","0","0","0","0","0","000","000","000","000",1,0,24,3
"11C4","11_thursday_2.30","MH",5.115,9.57,"10-08-2015",161,"mug",8,"MH",1994,"F","Caucasian","United States","English","College","Astrophysics",FALSE,"",4,4,4,2,4,2,4,2,4,4,3,2,4,3,3,4,2,3,2,3,3,4,3,4,4,4,2,3,2,4,3,4,4,4,3,4,3,4,2,3,2,4,2,3,"000","000","0","0","0","0","0","000","000","000","000",1,1,21,3
"11C5","11_thursday_2.30","MH",9.57,9.57,"10-08-2015",171,"mug",8,"MH",1996,"F","Asian","Canada","English","College","Neurobiology",FALSE,"",4,2,5,2,4,3,4,2,4,5,4,1,5,3,4,4,4,2,3,4,2,3,2,4,4,4,3,4,2,3,2,4,4,4,1,4,2,4,2,5,3,4,2,3,"000","000","0","0","0","0","0","000","000","000","000",1,1,19,3
"12B10","12_thursday_4.00","ML",1.155,1.155,"10-08-2015",101,"mug",1,"ML",1990,"F","Caucasian","United States","English","Graduate School","JD",FALSE,"",2,2,3,3,3,4,3,3,3,4,3,1,4,3,4,2,4,3,3,4,4,3,3,4,3,2,3,3,3,4,4,3,3,3,3,2,3,4,3,4,2,3,3,3,"000","000","0","0","0","0","0","000","000","000","000",1,0,25,3
"12B11","12_thursday_4.00","MH",3.795,3.795,"10-08-2015",111,"mug",8,"MH",1996,"F","Asian","United States","Japanese","College","Economics",FALSE,"",3,4,4,3,4,3,4,2,2,2,4,1,4,4,4,5,3,1,4,4,2,2,2,2,3,3,3,4,4,2,4,5,4,4,4,4,2,3,4,4,4,4,2,2,"000","000","0","0","0","0","0","000","000","000","000",1,1,19,3
"12B12","12_thursday_4.00","MH",1.485,1.485,"10-08-2015",121,"mug",8,"MH",1995,"M","Caucasian","United States","English","College","Environmental Science and Public Policy",FALSE,"",2,4,5,2,4,3,5,4,4,5,2,2,4,4,4,3,2,1,2,3,3,2,3,5,4,4,3,3,2,5,2,5,4,5,3,4,3,4,4,4,1,4,2,4,"000","000","0","0","0","0","0","000","000","000","000",0,1,20,3
"12B7","12_thursday_4.00","MH",5.115,2.475,"10-08-2015",71,"mug",8,"MH",1996,"M","Asian","Korea South","English","College","Mathematics",FALSE,"",5,4,5,3,4,2,4,2,1,5,5,2,5,5,4,5,5,3,5,3,1,5,2,1,4,4,2,4,5,5,2,5,3,1,4,5,2,4,5,4,1,3,4,5,"000","000","0","0","0","0","0","000","000","000","000",0,1,19,3
"12B8","12_thursday_4.00","MH",9.57,4.125,"10-08-2015",81,"mug",8,"MH",1995,"F","Asian","Bangladesh","Bengali","College","Economics",FALSE,"",3,4,3,3,2,5,3,4,2,5,3,3,3,4,4,3,4,4,4,4,4,4,4,4,3,3,4,4,4,4,4,4,2,2,3,2,3,2,4,4,4,4,4,2,"000","000","0","0","0","0","0","000","000","000","000",1,1,20,3
"12B9","12_thursday_4.00","ML",2.145,4.785,"10-08-2015",91,"mug",1,"ML",1996,"M","Asian","United States","English","College","Economics",FALSE,"",3,3,5,2,4,2,3,3,3,5,4,2,5,2,2,4,2,1,3,4,2,2,2,4,4,3,3,5,2,4,4,4,5,4,2,4,2,4,2,4,2,5,4,3,"000","000","0","0","0","0","0","000","000","000","000",0,0,19,3
"12C1","12_thursday_4.00","MH",2.805,5.115,"10-08-2015",131,"mug",8,"MH",1994,"F","African/African American","United States","Malagasy","College","Molecular and Cellular Biology",FALSE,"",2,1,4,4,3,4,5,5,1,4,2,1,4,5,4,2,5,4,5,4,4,5,4,1,2,1,3,3,4,5,5,5,2,3,3,3,1,4,5,5,3,5,5,3,"000","000","0","0","0","0","0","000","000","000","000",1,1,21,3
"12C3","12_thursday_4.00","ML",1.815,3.135,"10-08-2015",151,"mug",1,"ML",1996,"F","Caucasian","United States","English","College","Human Developmental and Regenerative Biology",FALSE,"",4,2,5,1,2,4,5,2,4,4,4,1,5,4,2,3,4,1,4,3,4,4,1,2,2,3,2,5,3,3,5,5,4,4,5,4,1,5,4,4,3,5,2,4,"000","000","0","0","0","0","0","000","000","000","000",1,0,19,3
"12C4","12_thursday_4.00","ML",9.57,8.085,"10-08-2015",161,"mug",1,"ML",1996,"F","African/African American","Kenya","Swahili","High School","",FALSE,"",3,2,4,2,3,4,5,2,4,5,4,2,4,4,4,3,4,2,3,4,4,4,2,4,3,4,4,4,4,4,4,4,4,4,2,3,2,4,3,4,4,4,3,4,"000","000","0","0","0","0","0","000","000","000","000",1,0,19,3
"12C5","12_thursday_4.00","ML",5.115,1.155,"10-08-2015",171,"mug",1,"ML",1992,"F","Caucasian","United States","English","College","Neurobiology",FALSE,"",5,2,4,1,4,3,4,4,5,4,4,2,4,2,4,4,4,4,2,3,2,4,4,4,4,4,2,4,3,2,2,4,5,5,3,4,2,4,2,4,4,4,3,1,"000","000","0","0","0","0","0","000","000","000","000",1,0,23,3
"12C6","12_thursday_4.00","ML",6.105,2.805,"10-08-2015",181,"mug",1,"ML",1994,"M","Caucasian","United States","English","College","Economics",FALSE,"",2,3,5,2,3,5,4,2,2,3,3,2,5,3,3,2,5,2,4,2,5,3,1,3,2,2,3,4,4,4,5,4,2,3,4,1,2,4,3,4,2,4,2,3,"000","000","0","0","0","0","0","000","000","000","000",0,0,21,3
"13B1","13_friday_10.00","ML",3.135,3.135,"10-09-2015",11,"mug",1,"ML",1989,"M","Caucasian","United States","English","Graduate School","JD",FALSE,"",4,5,4,2,4,3,5,2,4,4,4,2,4,2,4,4,4,3,2,2,3,3,2,5,4,2,3,4,1,4,4,4,3,5,3,4,2,2,2,4,4,4,3,4,"000","000","0","0","0","0","0","000","000","000","000",0,0,26,4
"13B10","13_friday_10.00","MH",0,0,"10-09-2015",101,"mug",8,"MH",1994,"F","Other","United States","English","College","Sociology",FALSE,"",2,4,4,2,4,4,4,2,5,4,3,1,5,2,4,2,4,2,2,4,4,2,2,4,4,4,4,4,4,5,5,4,5,5,4,2,2,4,2,4,2,4,2,4,"000","000","0","0","0","0","0","000","000","000","000",1,1,21,4
"13B11","13_friday_10.00","MH",5.115,4.125,"10-09-2015",121,"mug",8,"MH",1995,"M","Caucasian","Canada","English","College","stats",FALSE,"",5,2,5,3,4,1,4,4,3,5,5,4,4,4,4,4,3,4,3,4,1,5,1,3,5,5,2,4,4,4,2,4,4,4,4,4,2,4,4,4,4,4,4,1,"000","000","0","0","0","0","0","000","000","000","000",0,1,20,4
"13B12","13_friday_10.00","ML",0.165,0,"10-09-2015",121,"mug",1,"ML",1996,"F","Caucasian","United States","English","College","Comparative Lit and Government",FALSE,"",5,2,4,1,4,1,4,4,4,5,5,1,4,3,4,5,5,3,3,4,2,4,2,5,3,3,2,4,1,5,3,4,3,4,2,5,2,4,3,4,2,5,4,4,"000","000","0","0","0","0","0","000","000","000","000",1,0,19,4
"13B7","13_friday_10.00","ML",2.145,1.155,"10-09-2015",71,"mug",1,"ML",1994,"F","Caucasian","United States","English","College","Economics",FALSE,"",3,4,4,2,4,2,3,1,2,4,4,3,4,4,2,3,1,2,4,3,3,4,2,3,2,3,2,3,2,2,2,4,5,4,4,3,3,4,4,2,3,4,3,2,"000","000","0","0","0","0","0","000","000","000","000",1,0,21,4
"13B8","13_friday_10.00","MH",7.095,4.125,"10-09-2015",81,"mug",8,"MH",1995,"M","Other","United States","English","College","Gov't",FALSE,"",3,2,4,2,3,3,4,4,4,5,3,1,4,3,4,3,4,2,3,4,3,5,3,4,4,2,2,4,3,4,3,5,3,5,4,3,2,4,4,4,2,4,3,3,"000","000","0","0","0","0","0","000","000","000","000",0,1,20,4
"13B9","13_friday_10.00","MH",8.745,5.115,"10-09-2015",91,"mug",8,"MH",1991,"M","African/African American","United States","English","Graduate School","Religion",FALSE,"",3,2,4,1,5,3,5,2,5,5,4,1,5,2,5,3,5,4,1,5,3,4,2,5,5,5,3,4,2,5,2,5,5,5,2,4,3,4,2,5,1,5,2,5,"000","000","0","0","0","0","0","000","000","000","000",0,1,24,4
"13C1","13_friday_10.00","ML",3.135,8.085,"10-09-2015",131,"mug",1,"ML",1987,"F","Asian","Singapore","English","Graduate School","Public Policy",FALSE,"",2,2,5,1,2,4,4,4,4,4,3,1,5,3,3,2,4,3,2,4,4,4,4,4,2,2,4,4,3,4,5,5,5,4,2,3,2,3,2,4,2,4,2,3,"000","000","0","0","0","0","0","000","000","000","000",1,0,28,4
"13C10","13_friday_10.00","MH",4.785,5.115,"10-09-2015",221,"mug",8,"MH",1995,"F","Asian","Korea South","Korean","College","Social Studies",FALSE,"",5,3,4,1,4,3,2,5,3,4,5,1,3,4,3,5,4,3,4,4,1,3,3,5,4,2,2,4,1,5,3,4,2,1,1,5,4,4,5,5,2,2,3,4,"000","000","0","0","0","0","0","000","000","000","000",1,1,20,4
"13C11","13_friday_10.00","MH",4.125,5.115,"10-09-2015",231,"mug",8,"MH",1996,"M","Hispanic","United States","English","College","Biomedical Engineering",FALSE,"",4,2,5,1,1,4,4,2,5,5,5,1,5,1,5,5,3,1,1,3,1,5,1,4,4,3,2,5,1,3,1,4,5,5,4,4,1,4,1,4,2,4,1,4,"000","000","0","0","0","0","0","000","000","000","000",0,1,19,4
"13C12","13_friday_10.00","MH",1.155,7.095,"10-09-2015",241,"mug",8,"MH",1993,"F","Caucasian","United States","English","College","History and Literature",FALSE,"",3,4,3,3,3,5,3,4,3,4,3,2,4,4,3,2,4,2,5,5,5,5,4,2,3,2,4,3,3,3,5,4,4,4,4,2,4,3,5,5,3,4,5,3,"000","000","0","0","0","0","0","000","000","000","000",1,1,22,4
"13C2","13_friday_10.00","MH",4.785,4.785,"10-09-2015",141,"mug",8,"MH",1996,"M","African/African American","Nigeria","English","Graduate School","Human Regenerative Biology",FALSE,"",4,4,4,2,5,4,4,3,5,5,4,3,4,3,5,4,4,4,4,5,4,1,2,3,5,5,5,5,5,5,4,3,4,4,2,4,4,3,1,5,5,5,2,2,"000","000","0","0","0","0","0","000","000","000","000",0,1,19,4
"13C3","13_friday_10.00","MH",3.795,2.805,"10-09-2015",151,"mug",8,"MH",1993,"F","Caucasian","United States","English","College","French Language and Literature",FALSE,"",2,4,4,3,3,2,4,4,2,4,3,2,4,4,3,2,4,4,4,4,4,4,3,2,4,4,4,3,4,4,4,3,2,2,3,3,2,3,3,5,2,5,5,4,"000","000","0","0","0","0","0","000","000","000","000",1,1,22,4
"13C4","13_friday_10.00","ML",5.115,1.155,"10-09-2015",161,"mug",1,"ML",1994,"F","Asian","United States","English","College","CHEM",FALSE,"",4,2,4,2,3,3,4,4,3,4,4,1,4,3,3,4,4,3,3,3,3,4,2,3,3,3,3,4,3,4,4,5,4,3,2,4,2,3,3,3,3,4,4,3,"000","000","0","0","0","0","0","000","000","000","000",1,0,21,4
"13C5","13_friday_10.00","ML",7.095,1.155,"10-09-2015",171,"mug",1,"ML",1996,"F","Caucasian","Canada","English","College","cognitive neuroscience",FALSE,"",5,4,4,3,4,2,4,4,2,5,5,2,4,4,3,4,4,5,5,5,2,4,4,2,3,4,4,4,5,3,4,4,4,3,4,4,4,3,4,5,4,4,4,1,"000","000","0","0","0","0","0","000","000","000","000",1,0,19,4
"13C6","13_friday_10.00","MH",5.115,6.105,"10-09-2015",181,"mug",8,"MH",1994,"M","African/African American","United States","English","College","Visual Arts/Film",FALSE,"",5,3,4,3,5,2,4,4,3,5,5,2,4,4,5,5,4,4,2,5,1,4,1,4,5,5,2,4,4,5,1,4,4,4,3,5,4,3,2,4,1,5,4,4,"000","000","0","0","0","0","0","000","000","000","000",0,1,21,4
"13C7","13_friday_10.00","MH",1.155,0.165,"10-09-2015",191,"mug",8,"MH",1996,"F","Caucasian","United States","English","College","Human Evolutionary Biology",FALSE,"",4,3,4,1,4,2,4,2,4,4,4,2,4,3,3,5,3,3,1,4,3,3,2,4,3,4,2,4,3,3,2,4,4,4,3,4,3,4,2,3,2,4,3,3,"000","000","0","0","0","0","0","000","000","000","000",1,1,19,4
"13C8","13_friday_10.00","MH",1.155,2.145,"10-09-2015",201,"mug",8,"MH",1994,"M","Caucasian","United States","English","College","Molecular and Cellular Biology",FALSE,"",4,4,5,2,4,2,4,1,2,4,3,2,5,5,4,3,2,1,4,3,2,2,1,5,4,4,4,4,2,3,2,2,5,4,3,4,4,5,3,3,4,2,3,1,"000","000","0","0","0","0","0","000","000","000","000",0,1,21,4
"13C9","13_friday_10.00","MH",6.435,5.115,"10-09-2015",211,"mug",8,"MH",1996,"F","Caucasian","United States","English","College","English",FALSE,"",4,5,4,4,4,2,4,3,2,5,4,4,4,4,4,4,4,4,5,5,2,5,2,2,4,4,4,4,4,5,4,2,4,4,2,4,4,3,5,4,1,4,3,4,"000","000","0","0","0","0","0","000","000","000","000",1,1,19,4
"14B1","14_friday_11.30","MH",3.135,3.795,"10-09-2015",11,"mug",8,"MH",1993,"M","Caucasian","United States","English","College","Government",FALSE,"",4,2,4,2,4,2,5,2,5,5,4,1,4,2,4,4,4,2,3,5,2,3,2,5,4,4,2,4,2,4,2,4,4,5,3,4,1,4,3,4,2,4,2,4,"000","000","0","0","0","0","0","000","000","000","000",0,1,22,4
"14B10","14_friday_11.30","ML",8.085,4.785,"10-09-2015",101,"mug",1,"ML",1992,"M","Asian","United States","English","College","computer science",FALSE,"",3,3,3,3,5,3,4,4,4,5,3,3,3,3,4,3,2,3,4,4,3,4,4,3,5,3,3,4,3,4,2,3,3,4,1,3,3,3,3,5,1,4,4,4,"000","000","0","0","0","0","0","000","000","000","000",0,0,23,4
"14B12","14_friday_11.30","MH",0.825,4.785,"10-09-2015",121,"mug",8,"MH",1995,"F","Other","United States","English","College","Chemistry and Physics",FALSE,"",3,3,3,2,3,5,3,2,4,4,3,3,3,4,3,3,3,2,3,5,4,2,3,4,3,4,4,4,3,4,3,2,4,4,4,2,4,5,3,4,3,3,3,4,"000","000","0","0","0","0","0","000","000","000","000",1,1,20,4
"14B2","14_friday_11.30","ML",9.405,6.765,"10-09-2015",21,"mug",1,"ML",1996,"M","Caucasian","Moldova","Romanian","College","Undecided/Sciences",FALSE,"",3,2,4,2,4,3,3,3,4,5,4,3,3,3,4,4,3,2,1,4,4,4,2,4,4,4,4,4,3,4,4,3,4,4,2,4,4,4,2,4,4,3,2,3,"000","000","0","0","0","0","0","000","000","000","000",0,0,19,4
"14B3","14_friday_11.30","ML",7.095,4.455,"10-09-2015",31,"mug",1,"ML",1994,"F","Middle Eastern","United States","English","College","Organismic and Evolutionary Biology",FALSE,"",5,3,5,2,4,2,4,2,3,5,4,1,5,5,5,3,4,1,5,4,2,5,1,4,4,5,2,5,4,4,4,4,5,5,2,4,1,5,3,5,1,3,2,5,"000","000","0","0","0","0","0","000","000","000","000",1,0,21,4
"14B4","14_friday_11.30","MH",3.795,2.145,"10-09-2015",41,"mug",8,"MH",1993,"M","Caucasian","United States","English","Graduate School","Law",FALSE,"",3,3,3,2,3,4,4,4,4,3,3,1,3,3,4,4,4,2,3,3,4,4,4,4,3,3,2,3,3,3,4,4,4,4,4,3,2,3,3,4,2,4,4,4,"000","000","0","0","0","0","0","000","000","000","000",0,1,22,4
"14B5","14_friday_11.30","MH",5.115,2.145,"10-09-2015",51,"mug",8,"MH",1994,"M","Caucasian","United States","English","College","Psychology",FALSE,"",5,3,4,3,4,2,5,5,5,5,5,3,5,3,4,5,3,2,2,3,1,4,3,4,3,5,3,4,3,4,4,5,3,4,4,5,5,2,2,5,2,5,4,4,"000","000","0","0","0","0","0","000","000","000","000",0,1,21,4
"14B6","14_friday_11.30","MH",5.115,1.815,"10-09-2015",61,"mug",8,"MH",1994,"M","Hispanic","United States","Spanish","College","Biology",FALSE,"",4,3,5,4,3,3,4,3,2,5,2,4,3,2,3,2,4,4,3,3,4,4,3,4,3,3,3,4,4,4,4,4,3,4,4,3,3,4,2,4,3,3,2,4,"000","000","0","0","0","0","0","000","000","000","000",0,1,21,4
"14B7","14_friday_11.30","MH",0.825,0,"10-09-2015",71,"mug",8,"MH",1994,"M","Caucasian","United States","English","College","Economics",FALSE,"",4,4,4,2,4,3,4,2,3,4,4,3,3,2,3,4,3,2,2,4,2,4,2,4,2,4,3,4,3,4,3,3,4,4,2,4,2,4,2,4,4,4,2,2,"000","000","0","0","0","0","0","000","000","000","000",0,1,21,4
"14B8","14_friday_11.30","MH",1.155,6.105,"10-09-2015",81,"mug",8,"MH",1991,"M","Caucasian","United States","English","Graduate School","Public Policy",FALSE,"",2,3,4,3,2,4,5,2,3,4,3,1,4,3,3,2,4,2,4,3,4,4,2,3,3,2,4,4,2,3,4,4,4,4,4,3,2,4,3,3,2,4,2,3,"000","000","0","0","0","0","0","000","000","000","000",0,1,24,4
"14C10","14_friday_11.30","MH",3.135,3.135,"10-09-2015",221,"mug",8,"MH",1993,"M","Caucasian","United States","English","College","Econ",FALSE,"",5,5,1,2,5,1,1,5,5,2,5,5,1,5,5,5,1,5,4,4,1,1,5,2,5,5,5,4,5,5,1,1,5,5,1,5,5,1,1,2,1,1,5,3,"000","000","0","0","0","0","0","000","000","000","000",0,1,22,4
"14C11","14_friday_11.30","ML",1.155,1.155,"10-09-2015",231,"mug",1,"ML",1994,"M","African/African American","United States","English","College","ECONOMICS",FALSE,"",5,5,4,4,4,2,4,1,3,4,2,2,5,4,3,3,2,1,5,4,2,2,3,2,2,4,3,4,4,5,3,4,5,5,2,4,3,4,2,3,2,3,4,3,"000","000","0","0","0","0","0","000","000","000","000",0,0,21,4
"14C12","14_friday_11.30","MH",0.825,1.815,"10-09-2015",241,"mug",8,"MH",1996,"M","Caucasian","United States","English","College","Classics",FALSE,"",4,2,4,2,4,4,5,2,4,5,4,1,5,2,5,5,5,4,1,5,4,4,1,5,4,3,2,4,3,4,2,5,4,4,4,4,1,4,2,5,2,5,4,5,"000","000","0","0","0","0","0","000","000","000","000",0,1,19,4
"14C4","14_friday_11.30","ML",4.125,8.745,"10-09-2015",161,"mug",1,"ML",1996,"M","Caucasian","United States","English","College","Molecular and Cellular Bio",FALSE,"",2,4,5,2,3,4,3,2,5,4,4,1,5,3,3,2,4,5,2,2,4,4,3,5,2,2,4,5,3,3,5,2,2,5,4,2,3,4,4,3,4,4,5,2,"000","000","0","0","0","0","0","000","000","000","000",0,0,19,4
"14C5","14_friday_11.30","ML",2.475,6.765,"10-09-2015",171,"mug",1,"ML",1995,"F","Caucasian","United States","Russian","College","Physics",FALSE,"",3,3,4,2,4,2,4,4,2,4,3,1,3,4,4,5,5,2,5,5,2,4,3,1,3,3,2,4,5,5,4,3,3,3,2,3,3,3,3,5,2,4,4,4,"000","000","0","0","0","0","0","000","000","000","000",1,0,20,4
"14C6","14_friday_11.30","MH",8.085,9.57,"10-09-2015",181,"mug",8,"MH",1995,"F","Asian","United States","English","College","East Asian Studies",FALSE,"",3,4,5,3,4,4,4,4,4,4,4,3,4,4,3,4,4,4,4,4,4,4,4,4,4,4,4,4,3,3,3,4,4,4,3,4,3,3,3,4,4,4,3,3,"000","000","0","0","0","0","0","000","000","000","000",1,1,20,4
"14C7","14_friday_11.30","MH",0.825,6.435,"10-09-2015",191,"mug",8,"MH",1996,"M","Caucasian","Poland","Polish","College","Applied Math",FALSE,"",4,4,2,3,5,5,4,4,4,5,2,2,4,4,2,2,5,2,4,5,4,4,4,2,2,3,5,2,4,4,4,3,2,3,2,4,4,2,4,5,2,5,5,2,"000","000","0","0","0","0","0","000","000","000","000",0,1,19,4
"14C8","14_friday_11.30","MH",5.445,8.085,"10-09-2015",201,"mug",8,"MH",1997,"M","Caucasian","United States","English","College","Neurobiology",FALSE,"",4,4,4,3,4,3,4,3,3,5,4,2,4,3,3,4,4,3,4,5,2,4,4,4,4,3,4,3,4,5,4,4,2,3,2,4,3,4,4,4,1,4,5,4,"000","000","0","0","0","0","0","000","000","000","000",0,1,18,4
"14C9","14_friday_11.30","ML",3.135,0,"10-09-2015",211,"mug",1,"ML",1995,"F","Asian","United States","English","College","Government; Middle Eastern Studies",FALSE,"",2,3,3,2,4,4,3,3,3,4,2,2,4,4,4,2,3,2,4,2,4,3,3,3,3,3,3,4,4,3,4,3,3,4,2,3,2,3,4,4,3,4,3,2,"000","000","0","0","0","0","0","000","000","000","000",1,0,20,4
"15B10","15_friday_1.00","ML",7.425,5.115,"10-09-2015",101,"mug",1,"ML",1989,"M","Caucasian","Slovakia","Slovak","Graduate School","Public Policy",FALSE,"",3,4,4,3,2,4,3,4,2,4,2,2,3,4,4,2,2,4,3,3,4,2,4,3,2,2,4,3,4,3,4,3,2,2,2,3,4,2,3,4,3,3,4,3,"000","000","0","0","0","0","0","000","000","000","000",0,0,26,4
"15B12","15_friday_1.00","ML",7.095,8.085,"10-09-2015",121,"mug",1,"ML",1996,"M","Caucasian","United States","English","College","History and Literature",FALSE,"",4,4,5,4,4,5,4,4,2,5,4,2,4,5,2,4,2,2,5,4,4,4,2,1,4,2,4,4,5,5,5,4,4,2,2,2,4,4,5,5,1,4,4,4,"000","000","0","0","0","0","0","000","000","000","000",0,0,19,4
"15B7","15_friday_1.00","ML",9.57,6.105,"10-09-2015",71,"mug",1,"ML",1987,"F","Caucasian","United States","English","Graduate School","International Relations",FALSE,"",5,4,2,4,4,2,5,5,2,5,3,2,2,4,4,5,2,2,4,4,2,2,4,2,5,4,4,3,4,3,2,3,5,2,1,4,4,2,4,5,2,4,2,3,"000","000","0","0","0","0","0","000","000","000","000",1,0,28,4
"15B9","15_friday_1.00","ML",4.125,5.115,"10-09-2015",91,"mug",1,"ML",1995,"F","Caucasian","United States","English","College","government",FALSE,"",5,4,4,1,4,3,3,4,4,5,4,1,4,5,3,4,2,1,5,3,2,2,2,2,3,5,1,3,4,5,3,5,5,3,4,5,2,5,4,3,3,4,4,5,"000","000","0","0","0","0","0","000","000","000","000",1,0,20,4
"15C1","15_friday_1.00","MH",3.135,2.145,"10-09-2015",131,"mug",8,"MH",1994,"M","Asian","United States","English","College","Social Studies",FALSE,"",4,4,4,4,4,4,4,4,4,5,4,2,4,4,5,4,2,4,3,5,3,5,4,5,4,5,3,3,4,5,3,4,3,5,3,5,3,2,4,5,2,5,4,4,"000","000","0","0","0","0","0","000","000","000","000",0,1,21,4
"15C11","15_friday_1.00","MH",1.815,0,"10-09-2015",231,"mug",8,"MH",1996,"M","Caucasian","United States","English","College","Biomedical Engineering",FALSE,"",3,3,4,1,4,2,4,2,5,4,3,1,5,2,4,3,4,2,1,3,2,4,2,4,3,3,2,5,2,3,2,4,4,5,4,4,2,3,2,5,3,3,4,4,"000","000","0","0","0","0","0","000","000","000","000",0,1,19,4
"15C12","15_friday_1.00","ML",1.155,1.155,"10-09-2015",241,"mug",1,"ML",1995,"F","Caucasian","Singapore","English","College","Social Studies",FALSE,"",4,2,5,2,5,3,4,2,4,5,4,2,5,3,4,3,3,2,3,4,3,2,1,3,4,4,3,5,4,5,3,4,4,4,3,3,3,5,4,5,2,4,4,3,"000","000","0","0","0","0","0","000","000","000","000",1,0,20,4
"15C2","15_friday_1.00","MH",2.145,4.125,"10-09-2015",141,"mug",8,"MH",1992,"F","Caucasian","Sweden","Swedish","College","Psychology",FALSE,"",3,1,4,1,4,2,5,1,4,5,4,1,5,2,3,4,5,2,3,4,3,5,3,4,4,1,1,2,1,5,3,5,4,4,3,4,1,4,2,4,2,4,2,2,"000","000","0","0","0","0","0","000","000","000","000",1,1,23,4
"15C3","15_friday_1.00","ML",8.415,9.57,"10-09-2015",151,"mug",1,"ML",1994,"F","Caucasian","United States","English","College","Sociology",FALSE,"",5,3,4,2,4,1,4,3,4,5,5,3,4,4,4,5,4,3,3,4,1,4,2,4,4,4,2,4,3,3,1,4,4,4,4,5,3,4,3,4,3,5,3,2,"000","000","0","0","0","0","0","000","000","000","000",1,0,21,4
"15C4","15_friday_1.00","ML",1.815,0.165,"10-09-2015",161,"mug",1,"ML",1985,"M","Caucasian","United States","English","Graduate School","Ph.D. Arabic Language and Literature",FALSE,"",5,4,5,4,4,1,5,4,1,5,5,2,5,5,4,5,3,3,5,4,1,4,1,1,4,4,1,5,4,4,1,5,2,1,2,5,2,3,3,4,2,4,4,3,"000","000","0","0","0","0","0","000","000","000","000",0,0,30,4
"15C5","15_friday_1.00","MH",6.765,4.125,"10-09-2015",171,"mug",8,"MH",1996,"M","Caucasian","United States","English","College","History",FALSE,"",3,2,4,4,3,4,4,5,2,4,4,2,4,5,3,4,4,4,5,4,3,4,2,2,2,2,4,4,4,5,5,2,4,2,4,3,4,3,4,5,2,4,4,4,"000","000","0","0","0","0","0","000","000","000","000",0,1,19,4
"15C6","15_friday_1.00","MH",9.57,3.135,"10-09-2015",181,"mug",8,"MH",1996,"M","Asian","United States","English","College","Economics",FALSE,"",3,2,4,2,4,4,4,3,3,4,3,2,4,3,4,4,4,2,3,4,4,3,2,3,4,3,2,4,2,5,4,4,4,3,3,3,2,4,3,4,2,4,3,4,"000","000","0","0","0","0","0","000","000","000","000",0,1,19,4
"15C7","15_friday_1.00","MH",7.755,3.465,"10-09-2015",191,"mug",8,"MH",1995,"M","Caucasian","United States","English","College","Computer Science",FALSE,"",2,2,4,2,5,4,4,4,3,5,4,1,4,4,4,4,4,3,2,4,3,5,2,4,5,3,4,3,4,4,4,5,4,4,1,4,2,5,2,5,2,5,4,3,"000","000","0","0","0","0","0","000","000","000","000",0,1,20,4
"15C8","15_friday_1.00","MH",6.765,5.775,"10-09-2015",201,"mug",8,"MH",1993,"F","Hispanic","United States","Spanish","College","Neurobiology",FALSE,"",5,2,4,2,4,2,4,1,2,4,4,2,5,4,4,4,2,2,4,4,2,5,2,4,4,4,1,4,3,2,2,4,5,2,2,5,2,4,2,4,2,4,4,1,"000","000","0","0","0","0","0","000","000","000","000",1,1,22,4
"15C9","15_friday_1.00","ML",1.485,1.815,"10-09-2015",211,"mug",1,"ML",1994,"F","Other","Japan","English","College","Sociology ",FALSE,"",5,3,5,3,4,3,4,2,2,4,4,2,4,4,4,4,4,2,4,4,2,4,2,3,4,4,2,4,4,4,2,4,4,3,4,4,2,4,4,4,4,4,2,2,"000","000","0","0","0","0","0","000","000","000","000",1,0,21,4
"16B10","16_friday_2.30","MH",9.405,5.115,"10-09-2015",101,"mug",8,"MH",1995,"F","Asian","Korea South","Korean","College","Classics",FALSE,"",4,4,4,2,3,4,1,4,3,5,3,2,5,3,3,3,1,1,3,5,3,4,4,4,3,3,4,3,4,4,3,3,4,4,5,4,3,4,3,4,4,3,4,4,"000","000","0","0","0","0","0","000","000","000","000",1,1,20,4
"16B11","16_friday_2.30","MH",7.755,2.145,"10-09-2015",111,"mug",8,"MH",1995,"M","Other","United States","English","College","psychology",FALSE,"",4,4,5,2,3,2,4,1,3,4,2,1,5,3,2,4,3,1,2,4,4,4,2,4,2,4,1,3,1,4,3,4,5,5,5,5,2,3,3,4,1,4,2,4,"000","000","0","0","0","0","0","000","000","000","000",0,1,20,4
"16B12","16_friday_2.30","MH",3.465,7.095,"10-09-2015",121,"mug",8,"MH",1995,"F","Asian","United States","English","College","Art History and Computer Science",FALSE,"",4,5,4,2,5,1,3,4,4,5,5,3,4,2,4,4,2,4,2,5,2,2,3,4,4,4,3,4,2,5,3,3,4,4,3,4,4,3,2,4,1,3,4,4,"000","000","0","0","0","0","0","000","000","000","000",1,1,20,4
"16B2","16_friday_2.30","MH",5.115,9.57,"10-09-2015",21,"mug",8,"MH",1996,"F","Caucasian","United States","English","College","History",FALSE,"",4,2,5,1,2,4,4,1,5,5,4,1,5,4,5,5,4,1,4,4,4,4,1,4,4,2,3,5,4,5,4,5,4,4,3,4,3,5,4,5,1,4,3,5,"000","000","0","0","0","0","0","000","000","000","000",1,1,19,4
"16B3","16_friday_2.30","MH",4.125,4.125,"10-09-2015",31,"mug",8,"MH",1993,"F","Asian","United States","English","College","Economics",FALSE,"",4,4,2,1,4,4,3,2,3,5,4,2,5,4,4,4,2,2,4,4,2,4,2,4,4,4,4,5,2,5,4,2,5,3,4,4,4,5,4,2,1,4,2,4,"000","000","0","0","0","0","0","000","000","000","000",1,1,22,4
"16B4","16_friday_2.30","ML",0.825,0.165,"10-09-2015",41,"mug",1,"ML",1996,"F","Asian","United States","English","College","Econ",FALSE,"",4,4,4,2,4,3,3,3,2,4,4,2,4,5,4,3,4,2,4,4,2,4,2,2,4,4,4,3,5,5,4,4,4,4,2,4,4,4,4,4,2,4,3,4,"000","000","0","0","0","0","0","000","000","000","000",1,0,19,4
"16B5","16_friday_2.30","MH",7.425,7.755,"10-09-2015",51,"mug",8,"MH",1997,"M","Caucasian","United States","English","College","Social Studies",FALSE,"",3,4,5,2,3,4,4,2,5,5,4,1,4,3,3,3,4,3,2,2,4,2,1,4,4,3,3,4,4,4,4,4,5,4,3,4,2,3,4,4,2,5,2,4,"000","000","0","0","0","0","0","000","000","000","000",0,1,18,4
"16B6","16_friday_2.30","ML",1.155,1.815,"10-09-2015",61,"mug",1,"ML",1993,"F","Caucasian","United States","English","College","Psychology",FALSE,"",5,2,5,1,5,1,4,1,4,5,5,1,5,2,5,5,5,1,3,4,2,5,2,5,4,5,1,5,2,5,3,5,3,4,3,5,1,4,4,5,1,5,3,5,"000","000","0","0","0","0","0","000","000","000","000",1,0,22,4
"16B8","16_friday_2.30","ML",4.125,4.125,"10-09-2015",81,"mug",1,"ML",1996,"M","Asian","United States","Telugu","College","Chemistry",FALSE,"",4,4,4,3,5,3,4,5,2,5,5,4,4,4,5,4,3,5,4,5,2,4,4,3,5,4,4,2,4,3,4,3,3,4,2,4,4,3,4,4,3,4,5,2,"000","000","0","0","0","0","0","000","000","000","000",0,0,19,4
"16B9","16_friday_2.30","ML",5.115,4.455,"10-09-2015",91,"mug",1,"ML",1993,"F","Asian","China","English","College","Neurobiology",FALSE,"",4,5,4,3,3,3,2,3,3,4,4,2,4,4,5,4,4,2,5,3,2,3,2,4,3,4,3,4,2,3,4,3,4,4,2,4,4,2,3,5,4,2,3,1,"000","000","0","0","0","0","0","000","000","000","000",1,0,22,4
"16C1","16_friday_2.30","MH",3.135,3.795,"10-09-2015",131,"mug",8,"MH",1995,"M","African/African American","United States","English","College","Astrophysics",FALSE,"",2,3,5,2,3,1,4,2,4,3,2,1,4,3,3,2,4,3,4,3,2,3,3,4,2,2,4,4,2,3,1,4,3,4,3,2,2,4,4,3,2,3,3,4,"000","000","0","0","0","0","0","000","000","000","000",0,1,20,4
"16C10","16_friday_2.30","MH",0.825,9.57,"10-09-2015",221,"mug",8,"MH",1993,"F","Caucasian","United States","English","College","Psychology",FALSE,"",4,3,4,2,4,3,2,3,3,4,4,3,4,4,4,5,4,3,3,4,2,4,3,3,4,4,1,4,3,4,2,5,4,3,2,4,2,3,4,4,1,4,4,4,"000","000","0","0","0","0","0","000","000","000","000",1,1,22,4
"16C11","16_friday_2.30","MH",4.785,2.145,"10-09-2015",231,"mug",8,"MH",1989,"F","Caucasian","United States","English","Graduate School","History of Art and Architecture",FALSE,"",5,4,5,4,5,3,3,3,2,5,5,4,4,4,4,2,4,3,4,5,1,2,2,3,4,5,1,3,4,5,2,4,2,3,1,5,3,4,2,4,1,2,2,4,"000","000","0","0","0","0","0","000","000","000","000",1,1,26,4
"16C12","16_friday_2.30","ML",0.165,0.165,"10-09-2015",241,"mug",1,"ML",1987,"F","Caucasian","United States","English","Graduate School","Law School",FALSE,"",5,2,4,2,4,1,4,4,2,4,5,2,4,4,4,3,3,4,4,5,1,3,2,3,4,2,1,3,1,4,2,4,3,2,4,5,2,4,4,5,3,4,2,3,"000","000","0","0","0","0","0","000","000","000","000",1,0,28,4
"16C2","16_friday_2.30","MH",3.135,5.445,"10-09-2015",141,"mug",8,"MH",1995,"F","Asian","Malaysia","Malay","College","ognitive Neuroscience and Evolutionary Psychology",FALSE,"",3,2,3,2,2,4,4,3,3,3,3,1,5,4,4,3,3,1,4,3,3,4,3,3,2,3,2,5,3,3,4,4,4,4,5,4,2,5,4,3,3,3,3,2,"000","000","0","0","0","0","0","000","000","000","000",1,1,20,4
"16C3","16_friday_2.30","MH",3.135,6.435,"10-09-2015",151,"mug",8,"MH",1995,"M","Asian","United States","English","College","Electrical Engineering",FALSE,"",3,4,5,2,4,4,4,1,3,5,4,2,5,3,4,3,4,1,4,4,4,4,3,4,4,2,3,5,1,4,4,4,4,4,3,3,3,4,4,4,2,4,2,4,"000","000","0","0","0","0","0","000","000","000","000",0,1,20,4
"16C5","16_friday_2.30","ML",8.085,5.115,"10-09-2015",171,"mug",1,"ML",1994,"M","Caucasian","United States","English","College","Philosophy",FALSE,"",4,2,2,2,4,2,4,5,4,5,3,1,2,4,4,4,4,5,3,3,2,4,4,3,2,2,2,2,4,5,4,4,2,4,4,5,2,4,2,4,4,3,5,3,"000","000","0","0","0","0","0","000","000","000","000",0,0,21,4
"16C6","16_friday_2.30","MH",1.815,2.145,"10-09-2015",181,"mug",8,"MH",1995,"F","Asian","Canada","English","College","Biomedical Engineering",FALSE,"",3,5,4,2,3,2,4,4,5,4,4,1,4,2,4,4,3,2,2,4,3,4,3,5,3,2,3,4,2,5,4,4,4,4,2,4,2,3,2,4,4,4,4,2,"000","000","0","0","0","0","0","000","000","000","000",1,1,20,4
"16C7","16_friday_2.30","ML",0.165,0.165,"10-09-2015",191,"mug",1,"ML",1995,"F","Asian","United States","English","College","Applied Math",FALSE,"",2,4,4,5,4,4,4,2,3,4,4,1,5,4,4,3,3,2,3,3,4,3,1,2,4,5,4,3,3,5,4,3,3,3,3,3,2,4,2,3,2,3,2,4,"000","000","0","0","0","0","0","000","000","000","000",1,0,20,4
"16C8","16_friday_2.30","ML",4.125,9.57,"10-09-2015",201,"mug",1,"ML",1989,"F","Asian","Japan","Japanese","Graduate School","MPP",FALSE,"",4,2,5,1,3,2,2,4,5,5,1,5,4,2,4,4,3,4,3,3,2,5,4,5,3,5,2,3,2,2,4,4,5,5,3,5,1,4,3,2,3,4,5,1,"000","000","0","0","0","0","0","000","000","000","000",1,0,26,4
"16C9","16_friday_2.30","ML",4.125,9.405,"10-09-2015",211,"mug",1,"ML",1993,"M","Other","Brazil","Portuguese","College","Economics",FALSE,"",5,2,3,2,5,2,4,3,2,5,4,1,4,3,5,5,5,1,3,5,1,5,2,3,5,4,2,4,2,4,2,5,4,4,4,5,2,4,3,5,3,5,2,3,"000","000","0","0","0","0","0","000","000","000","000",0,0,22,4
"17B10","17_friday_4.00","ML",5.775,5.115,"10-09-2015",101,"mug",1,"ML",1993,"F","Caucasian","United States","English","College","Engineering",FALSE,"",4,5,4,3,3,2,4,4,3,4,5,1,3,4,4,4,5,5,2,4,1,3,2,4,4,5,5,4,4,5,3,3,2,3,2,4,4,4,4,3,2,5,5,4,"000","000","0","0","0","0","0","000","000","000","000",1,0,22,4
"17B11","17_friday_4.00","ML",3.135,3.135,"10-09-2015",111,"mug",1,"ML",1992,"F","Caucasian","United States","English","Graduate School","English & Philosophy",FALSE,"",2,3,5,4,5,5,3,4,2,4,2,1,4,4,4,2,4,4,5,5,5,2,2,2,4,2,4,4,4,4,4,4,4,4,2,2,2,4,4,4,2,2,1,4,"000","000","0","0","0","0","0","000","000","000","000",1,0,23,4
"17B12","17_friday_4.00","MH",1.155,1.155,"10-09-2015",121,"mug",8,"MH",1995,"M","Middle Eastern","Morocco","Arabic","College","Statistics",FALSE,"",5,4,5,1,4,2,4,2,3,4,5,2,5,3,3,5,3,1,3,4,2,5,1,3,3,4,3,5,3,3,2,4,5,3,4,5,3,5,1,3,2,4,2,2,"000","000","0","0","0","0","0","000","000","000","000",0,1,20,4
"17B7","17_friday_4.00","ML",5.115,5.115,"10-09-2015",71,"mug",1,"ML",1996,"F","African/African American","United States","English","College","Biology",FALSE,"",3,4,4,3,3,4,3,2,3,4,3,2,4,4,3,3,4,2,5,4,3,3,2,3,3,3,4,4,2,3,3,3,4,3,4,3,2,4,4,3,3,4,2,3,"000","000","0","0","0","0","0","000","000","000","000",1,0,19,4
"17B9","17_friday_4.00","ML",0,0.165,"10-09-2015",91,"mug",1,"ML",1993,"F","Caucasian","United States","English","College","Psychology",FALSE,"",5,3,4,2,3,4,5,2,3,5,5,1,5,5,5,4,5,2,2,4,3,5,4,2,3,2,1,4,4,4,3,5,3,5,4,5,1,4,3,5,5,5,3,1,"000","000","0","0","0","0","0","000","000","000","000",1,0,22,4
"17C1","17_friday_4.00","MH",4.455,4.455,"10-09-2015",131,"mug",8,"MH",1996,"F","Asian","United States","English","College","Mathematics",FALSE,"",4,4,4,2,3,3,3,2,1,3,3,1,4,4,2,3,5,1,5,4,2,4,2,2,3,3,2,4,4,4,3,5,4,3,3,4,2,3,5,3,2,4,4,3,"000","000","0","0","0","0","0","000","000","000","000",1,1,19,4
"17C10","17_friday_4.00","MH",9.57,9.57,"10-09-2015",221,"mug",8,"MH",1982,"F","Asian","Korea South","Korean","Graduate School","Public Administration",FALSE,"",2,4,5,3,4,3,2,4,2,5,4,3,5,5,4,4,3,3,3,4,4,5,2,3,4,5,4,4,4,4,4,3,4,4,2,3,4,4,2,4,4,4,2,4,"000","000","0","0","0","0","0","000","000","000","000",1,1,33,4
"17C11","17_friday_4.00","MH",7.425,4.455,"10-09-2015",231,"mug",8,"MH",1996,"F","Asian","Korea South","Korean","College","Environmental Science and Public Policy",FALSE,"",3,4,4,2,3,4,4,3,4,5,3,1,5,4,4,3,4,3,3,5,4,5,3,4,4,3,3,5,4,5,4,5,3,4,3,3,2,4,4,5,5,3,4,5,"000","000","0","0","0","0","0","000","000","000","000",1,1,19,4
"17C12","17_friday_4.00","MH",0.825,0.825,"10-09-2015",241,"mug",8,"MH",1990,"F","Caucasian","United States","English","Graduate School","Education",FALSE,"",1,5,5,4,2,5,4,3,1,4,3,4,4,5,2,3,1,2,5,2,5,3,2,2,2,2,4,5,5,3,5,4,5,2,5,2,4,4,5,3,4,4,3,3,"000","000","0","0","0","0","0","000","000","000","000",1,1,25,4
"17C2","17_friday_4.00","ML",2.145,7.095,"10-09-2015",141,"mug",1,"ML",1993,"F","Caucasian","United States","English","College","Organismic and Evolutionary Biology",FALSE,"",4,3,3,4,5,2,4,4,2,4,4,2,3,2,3,4,4,4,3,5,3,4,4,2,4,4,4,2,4,5,4,4,2,4,2,4,4,2,4,3,1,4,5,5,"000","000","0","0","0","0","0","000","000","000","000",1,0,22,4
"17C3","17_friday_4.00","ML",0.825,0,"10-09-2015",151,"mug",1,"ML",1996,"F","Caucasian","United States","English","College","Human Developmental & Regenerative Biology",FALSE,"",3,2,4,2,3,4,4,2,4,4,4,1,5,2,2,3,4,2,2,4,4,4,2,5,3,2,2,4,4,4,4,5,4,5,4,4,1,5,3,3,3,4,4,2,"000","000","0","0","0","0","0","000","000","000","000",1,0,19,4
"17C4","17_friday_4.00","MH",7.755,6.765,"10-09-2015",161,"mug",8,"MH",1995,"F","Asian","United States","Mandarin","College","Social Studies",FALSE,"",4,4,5,2,4,4,4,1,3,5,3,2,5,4,4,3,4,3,4,3,4,5,4,4,3,3,3,4,3,5,4,5,3,4,3,4,3,5,4,4,2,4,4,3,"000","000","0","0","0","0","0","000","000","000","000",1,1,20,4
"17C5","17_friday_4.00","ML",5.115,6.105,"10-09-2015",171,"mug",1,"ML",1994,"F","Asian","United States","English","College","Neurobiology",FALSE,"",3,4,4,3,4,5,4,4,3,5,4,1,4,4,4,3,5,5,5,4,4,5,3,2,3,4,2,3,4,5,4,5,4,4,3,4,2,3,2,5,4,5,3,4,"000","000","0","0","0","0","0","000","000","000","000",1,0,21,4
"17C6","17_friday_4.00","MH",2.145,7.095,"10-09-2015",181,"mug",8,"MH",1990,"F","Caucasian","United States","English","Graduate School","Public Health",FALSE,"",2,2,4,2,4,4,4,3,4,4,4,2,4,4,4,2,4,2,4,3,4,4,2,4,4,2,2,4,4,4,4,4,5,4,3,2,2,4,4,4,2,4,2,4,"000","000","0","0","0","0","0","000","000","000","000",1,1,25,4
"17C7","17_friday_4.00","MH",0.165,0.825,"10-09-2015",191,"mug",8,"MH",1991,"M","Asian","Canada","English","Graduate School","Law",FALSE,"",4,4,4,3,3,3,3,4,4,4,4,3,4,4,4,3,4,2,4,3,3,4,4,4,2,4,4,2,4,2,2,4,4,4,3,3,4,4,3,4,5,4,4,1,"000","000","0","0","0","0","0","000","000","000","000",0,1,24,4
"17C8","17_friday_4.00","MH",6.435,6.435,"10-09-2015",201,"mug",8,"MH",1996,"F","Asian","United States","Korean","College","Biology",FALSE,"",2,3,4,4,3,4,4,3,2,4,2,2,4,4,4,3,4,4,5,4,4,4,4,4,3,3,3,4,4,4,4,4,2,4,3,3,2,4,4,4,3,4,4,3,"000","000","0","0","0","0","0","000","000","000","000",1,1,19,4
"17C9","17_friday_4.00","ML",7.425,7.095,"10-09-2015",211,"mug",1,"ML",1996,"F","African/African American","Tanzania","Swahili","College","CS",FALSE,"",3,3,4,1,5,3,4,3,3,4,4,2,4,3,4,4,5,1,3,4,3,3,2,4,3,4,2,4,4,4,3,5,4,3,1,4,1,4,2,4,4,4,3,3,"000","000","0","0","0","0","0","000","000","000","000",1,0,19,4
"18A10","18_friday_10","ML",5.115,8.085,"10-16-2015",11,"mug",1,"ML",1996,"F","Caucasian","United States","English","College","Neuroscience",FALSE,"",4,2,5,5,5,2,5,3,1,5,3,2,4,4,3,3,2,4,4,5,2,2,1,2,4,4,3,5,4,5,2,5,4,2,2,3,3,4,4,5,2,4,1,4,"000","000","0","0","0","0","0","000","000","000","000",1,0,19,5
"18A11","18_friday_10","ML",1.155,1.155,"10-16-2015",11,"mug",1,"ML",1996,"F","Caucasian","United States","English","College","neurobiology",FALSE,"",4,2,4,2,3,4,3,4,3,4,3,2,4,4,3,3,2,2,3,3,2,4,2,3,3,4,4,4,2,4,4,3,4,4,4,4,3,4,4,4,2,3,2,3,"000","000","0","0","0","0","0","000","000","000","000",1,0,19,5
"18A12","18_friday_10","ML",0.165,0.165,"10-16-2015",11,"mug",1,"ML",1996,"F","African/African American","United States","English","College","undecided",FALSE,"",5,2,5,1,5,3,4,4,3,5,5,1,5,4,5,5,5,3,3,5,2,4,2,3,4,5,3,5,4,4,3,5,4,3,3,5,1,3,1,3,1,3,4,3,"000","000","0","0","0","0","0","000","000","000","000",1,0,19,5
"18A7","18_friday_10","MH",2.145,4.125,"10-16-2015",11,"mug",8,"MH",1995,"M","Caucasian","United States","English","College","Statistics",FALSE,"",5,2,5,1,3,2,4,2,3,5,5,2,5,4,3,5,5,1,4,4,1,4,2,4,3,4,2,5,3,4,2,4,3,2,3,5,3,4,3,4,2,4,4,2,"000","000","0","0","0","0","0","000","000","000","000",0,1,20,5
"18A8","18_friday_10","MH",5.115,9.075,"10-16-2015",11,"mug",8,"MH",1994,"F","Caucasian","United States","English","College","Sociology",FALSE,"",4,4,4,2,4,2,4,4,4,4,4,2,4,2,4,4,2,1,2,4,2,1,2,4,4,4,4,4,4,4,2,4,4,4,1,4,2,4,2,2,4,4,2,2,"000","000","0","0","0","0","0","000","000","000","000",1,1,21,5
"18A9","18_friday_10","MH",3.135,5.115,"10-16-2015",11,"mug",8,"MH",1996,"M","Caucasian","United States","English","College","Anthropology",FALSE,"",3,3,4,1,4,2,5,3,4,5,4,2,4,3,4,5,5,2,2,5,3,4,1,4,4,2,3,5,2,2,3,5,4,4,3,3,2,4,2,4,2,5,3,2,"000","000","0","0","0","0","0","000","000","000","000",0,1,19,5
"18B1","18_friday_10","MH",3.795,0.825,"10-16-2015",1011,"mug",8,"MH",1995,"F","Other","Afghanistan","Dari","College","Government",FALSE,"",2,2,4,5,5,5,5,4,2,4,1,1,4,4,4,2,5,4,5,5,5,2,5,2,4,2,4,2,4,5,4,5,2,5,4,2,1,5,3,5,5,5,5,5,"000","000","0","0","0","0","0","000","000","000","000",1,1,20,5
"18B10","18_friday_10","ML",1.155,3.465,"10-16-2015",11,"mug",1,"ML",1996,"F","Caucasian","United States","English","College","Government",FALSE,"",3,2,5,3,3,4,4,2,3,5,4,2,5,4,4,4,4,1,3,4,3,4,1,2,3,3,3,4,3,4,3,5,4,3,3,3,1,4,4,4,2,4,3,3,"000","000","0","0","0","0","0","000","000","000","000",1,0,19,5
"18B4","18_friday_10","ML",5.115,5.115,"10-16-2015",11,"mug",1,"ML",1994,"M","Asian","Canada","English","College","Economics",FALSE,"",4,3,4,2,3,3,4,4,4,5,3,2,4,4,3,3,4,4,2,3,4,4,2,4,3,2,3,4,2,2,4,4,4,4,3,3,3,4,2,4,3,4,4,2,"000","000","0","0","0","0","0","000","000","000","000",0,0,21,5
"18B5","18_friday_10","MH",9.075,6.105,"10-16-2015",11,"mug",8,"MH",1995,"F","African/African American","Kenya","Swahili","College","Biology",FALSE,"",2,2,5,3,4,5,5,5,5,3,2,4,4,5,2,5,5,1,2,5,5,2,2,4,4,3,4,3,2,4,4,5,5,5,2,2,2,3,2,2,3,3,3,4,"000","000","0","0","0","0","0","000","000","000","000",1,1,20,5
"18B6","18_friday_10","ML",3.135,7.095,"10-16-2015",1011,"mug",1,"ML",1986,"F","Asian","United States","English","Graduate School","public policy",FALSE,"",2,4,4,4,3,5,5,2,4,4,3,2,5,4,4,3,4,1,4,4,5,5,3,4,3,2,4,4,4,5,5,5,4,5,4,3,3,4,4,5,2,5,2,4,"000","000","0","0","0","0","0","000","000","000","000",1,0,29,5
"18B7","18_friday_10","MH",2.145,1.155,"10-16-2015",11,"mug",8,"MH",1995,"M","Hispanic","United States","English","College","Neurobiology",FALSE,"",5,2,3,2,3,1,5,4,5,5,5,2,4,2,5,5,3,1,4,2,1,4,2,4,2,2,1,5,4,2,1,5,5,5,5,5,2,4,4,5,3,4,4,1,"000","000","0","0","0","0","0","000","000","000","000",0,1,20,5
"18B8","18_friday_10","ML",0.495,3.135,"10-16-2015",11,"mug",1,"ML",1991,"M","Asian","United States","English","Graduate School","J.D. (Law Degree)",FALSE,"",1,5,4,5,1,5,2,3,1,3,1,2,4,5,4,2,1,3,5,3,5,2,3,1,2,2,5,3,4,2,5,1,4,3,4,1,5,4,5,4,4,4,5,3,"000","000","0","0","0","0","0","000","000","000","000",0,0,24,5
"18B9","18_friday_10","MH",2.145,1.155,"10-16-2015",11,"mug",8,"MH",1996,"F","African/African American","United States","English","College","Environmental Science",FALSE,"",5,4,5,3,4,2,4,4,3,5,4,3,4,3,4,5,2,3,4,4,2,3,1,2,4,5,3,4,5,5,4,5,4,3,2,5,5,4,2,5,2,4,4,4,"000","000","0","0","0","0","0","000","000","000","000",1,1,19,5
"19A10","19_friday_1130","MH",7.425,5.445,"10-16-2015",21,"mug",8,"MH",1995,"F","African/African American","United States","English","College","Neurobiology",FALSE,"",4,2,5,1,4,4,5,2,4,4,3,1,5,3,4,4,4,2,2,4,2,4,1,4,4,2,2,4,3,3,4,5,5,4,4,4,1,4,2,3,2,5,2,3,"000","000","0","0","0","0","0","000","000","000","000",1,1,20,5
"19A12","19_friday_1130","MH",0.825,2.145,"10-16-2015",21,"mug",8,"MH",1993,"M","Caucasian","United States","English","College","Economics",FALSE,"",2,4,4,3,3,5,3,1,4,4,5,1,5,2,3,2,4,1,3,4,4,2,2,4,4,3,4,4,2,5,4,5,5,4,4,2,1,5,2,3,1,4,1,5,"000","000","0","0","0","0","0","000","000","000","000",0,1,22,5
"19A7","19_friday_1130","MH",3.465,0.165,"10-16-2015",21,"mug",8,"MH",1995,"M","Caucasian","Turkey","Azerbaijani","College","Anthropology & Government",FALSE,"",4,3,4,1,4,2,4,3,4,5,4,2,4,4,4,5,4,1,3,4,2,4,2,3,4,4,3,4,2,5,3,4,3,4,1,4,3,5,3,4,5,5,4,4,"000","000","0","0","0","0","0","000","000","000","000",0,1,20,5
"19A8","19_friday_1130","MH",1.155,1.155,"10-16-2015",21,"mug",8,"MH",1997,"F","Asian","United States","English","College","Neurobiology",FALSE,"",4,2,4,2,3,2,3,3,2,4,4,2,3,4,3,4,4,2,4,5,3,4,3,4,2,3,2,4,4,4,4,4,2,2,2,4,2,2,4,4,2,4,5,3,"000","000","0","0","0","0","0","000","000","000","000",1,1,18,5
"19A9","19_friday_1130","ML",4.455,2.475,"10-16-2015",21,"mug",1,"ML",1996,"F","Caucasian","United States","English","College","Government",FALSE,"",4,3,4,2,4,4,3,2,2,4,2,1,5,4,3,4,1,2,5,3,2,1,3,2,3,5,4,4,2,3,4,3,5,3,4,1,3,4,4,3,2,1,4,4,"000","000","0","0","0","0","0","000","000","000","000",1,0,19,5
"19B1","19_friday_1130","MH",3.135,6.105,"10-16-2015",21,"mug",8,"MH",1994,"F","Caucasian","Sweden","Swedish","College","Economics",FALSE,"",3,2,4,2,5,4,5,4,2,5,4,1,5,3,5,5,5,4,4,5,4,5,4,3,3,3,4,4,2,3,4,5,3,4,2,4,2,3,4,5,4,3,3,2,"000","000","0","0","0","0","0","000","000","000","000",1,1,21,5
"19B2","19_friday_1130","MH",1.155,2.145,"10-16-2015",21,"mug",8,"MH",1987,"M","Caucasian","United States","English","Graduate School","public policy",FALSE,"",4,2,4,2,4,3,4,3,4,5,4,2,4,3,4,4,4,3,3,5,2,4,3,4,4,4,3,4,4,4,4,4,4,4,3,4,3,4,3,4,2,4,3,4,"000","000","0","0","0","0","0","000","000","000","000",0,1,28,5
"19B3","19_friday_1130","ML",7.095,0.825,"10-16-2015",21,"mug",1,"ML",1994,"F","Caucasian","United States","English","College","African American Studies",FALSE,"",4,3,3,3,4,2,4,2,3,4,3,2,5,2,3,5,5,4,2,4,2,4,2,4,3,4,2,4,2,3,2,4,4,4,3,4,4,4,2,5,2,4,4,3,"000","000","0","0","0","0","0","000","000","000","000",1,0,21,5
"19B4","19_friday_1130","MH",1.155,7.755,"10-16-2015",21,"mug",8,"MH",1995,"M","African/African American","United States","English","College","HEB",FALSE,"",3,2,4,3,5,4,4,4,3,5,3,1,4,3,3,3,4,2,2,5,3,4,2,4,4,3,4,4,3,4,3,4,5,4,3,3,4,4,2,5,1,5,2,5,"000","000","0","0","0","0","0","000","000","000","000",0,1,20,5
"19B5","19_friday_1130","MH",1.815,3.465,"10-16-2015",21,"mug",8,"MH",1994,"F","Asian","United States","English","College","Computer Science",FALSE,"",4,2,4,3,3,3,3,4,3,4,3,2,4,4,3,3,4,4,3,3,3,4,4,2,3,2,3,2,4,4,4,3,2,3,3,2,3,2,2,4,2,3,4,3,"000","000","0","0","0","0","0","000","000","000","000",1,1,21,5
"19B6","19_friday_1130","ML",5.115,3.795,"10-16-2015",21,"mug",1,"ML",1995,"F","Hispanic","United States","Spanish","College","Romance Languages and Literatures",FALSE,"",4,2,5,4,4,4,4,2,2,5,3,2,5,4,5,3,4,3,5,3,4,5,2,2,3,5,1,4,4,5,4,5,4,2,2,3,2,4,4,5,2,4,3,5,"000","000","0","0","0","0","0","000","000","000","000",1,0,20,5
"19B7","19_friday_1130","MH",1.155,4.125,"10-16-2015",21,"mug",8,"MH",1993,"F","Other","United States","English","College","Government/Slavic Studies",FALSE,"",2,3,4,2,3,4,4,2,4,5,3,1,5,4,3,4,5,2,3,4,3,4,2,4,2,3,4,5,2,3,2,4,5,5,3,3,2,4,2,4,2,4,4,3,"000","000","0","0","0","0","0","000","000","000","000",1,1,22,5
"19B8","19_friday_1130","MH",5.775,5.115,"10-16-2015",21,"mug",8,"MH",1996,"F","Asian","United States","English","College","Economics",FALSE,"",3,3,4,3,4,4,4,4,2,5,4,2,4,4,4,4,4,5,5,5,4,5,2,3,3,3,4,4,4,5,3,4,2,3,2,3,3,4,4,4,5,4,5,4,"000","000","0","0","0","0","0","000","000","000","000",1,1,19,5
"2B10","2_tuesday_4.00","MH",1.155,3.135,"10-06-2015",1,"mug",8,"MH",1996,"F","Caucasian","United States","English","College","Government ",FALSE,"",2,2,4,2,4,4,4,4,4,4,3,1,4,4,3,3,4,3,2,4,4,4,2,4,4,2,2,4,3,4,4,4,4,3,2,3,1,3,2,4,1,3,3,4,"000","000","0","0","0","0","0","000","000","000","000",1,1,19,1
"2B11","2_tuesday_4.00","MH",0,0,"10-06-2015",1,"mug",8,"MH",1987,"F","Caucasian","United States","English","Graduate School","Ed.M.",FALSE,"",4,2,4,4,4,3,4,2,3,4,2,1,4,4,3,4,4,1,2,4,2,4,2,3,3,4,2,4,4,4,2,4,5,4,2,4,3,4,3,4,2,4,1,4,"000","000","0","0","0","0","0","000","000","000","000",1,1,28,1
"2B12","2_tuesday_4.00","MH",1.815,0.495,"10-06-2015",1,"mug",8,"MH",1992,"M","Caucasian","Germany","German","Graduate School","Public policy",FALSE,"",4,4,4,3,5,4,2,2,2,4,4,3,5,5,5,5,4,1,5,4,3,4,2,2,4,4,4,4,4,5,4,4,5,3,1,3,4,4,2,4,2,4,2,3,"000","000","0","0","0","0","0","000","000","000","000",0,1,23,1
"2B8","2_tuesday_4.00","ML",1.485,0,"10-06-2015",1,"mug",1,"ML",1994,"F","Caucasian","United States","English","College","Math",FALSE,"",4,2,4,2,4,2,4,4,2,4,4,4,4,4,3,3,2,3,3,2,2,4,2,2,2,5,3,4,4,1,2,2,3,2,2,4,5,4,4,2,4,3,4,1,"000","000","0","0","0","0","0","000","000","000","000",1,0,21,1
"2B9","2_tuesday_4.00","MH",1.485,5.115,"10-06-2015",1,"mug",8,"MH",1994,"F","Asian","United States","English","College","Economics",FALSE,"",2,4,4,4,5,5,4,4,5,5,2,1,4,3,4,2,4,4,2,4,4,4,4,4,4,3,4,4,4,4,4,3,5,5,2,3,4,4,4,5,2,2,4,4,"000","000","0","0","0","0","0","000","000","000","000",1,1,21,1
"2C1","2_tuesday_4.00","MH",5.115,1.155,"10-06-2015",1,"mug",8,"MH",1995,"F","Caucasian","United States","English","College","Social Anthropology",FALSE,"",5,4,5,2,4,3,4,2,3,4,5,3,5,4,3,4,4,1,4,4,1,4,2,3,4,5,2,5,4,4,1,5,5,2,4,5,4,5,3,4,1,4,4,5,"000","000","0","0","0","0","0","000","000","000","000",1,1,20,1
"2C11","2_tuesday_4.00","ML",5.115,5.115,"10-06-2015",1,"mug",1,"ML",1990,"M","African/African American","Burundi","Kirundi","College","EE",FALSE,"",2,2,4,2,3,3,4,2,5,4,4,1,4,3,5,4,5,2,2,4,3,4,2,4,3,3,2,4,2,3,2,4,4,4,3,4,2,5,2,4,3,4,2,3,"000","000","0","0","0","0","0","000","000","000","000",0,0,25,1
"2C12","2_tuesday_4.00","ML",0.165,0.165,"10-06-2015",1,"mug",1,"ML",1995,"F","Caucasian","United States","English","College","philosophy of biology",FALSE,"",3,4,3,4,4,4,3,2,1,5,2,2,3,5,4,2,3,3,5,4,4,1,2,3,4,4,4,3,5,4,4,3,2,4,4,3,3,2,5,5,2,3,3,4,"000","000","0","0","0","0","0","000","000","000","000",1,0,20,1
"2C2","2_tuesday_4.00","ML",9.57,9.57,"10-06-2015",1,"mug",1,"ML",1993,"F","Caucasian","United States","English","College","Molevular and Cellular Biology",FALSE,"",5,2,5,1,4,2,4,3,4,5,5,1,5,4,4,4,5,1,4,5,2,5,2,4,3,4,3,5,2,5,3,5,5,5,2,5,2,5,3,4,1,5,2,5,"000","000","0","0","0","0","0","000","000","000","000",1,0,22,1
"2C3","2_tuesday_4.00","ML",0.165,0.165,"10-06-2015",1,"mug",1,"ML",1995,"F","Caucasian","United States","English","College","Gender Studies",FALSE,"",3,4,4,2,4,3,5,2,1,4,3,2,4,4,5,3,3,4,5,5,3,2,1,1,4,2,2,4,4,3,4,5,4,4,4,3,1,4,4,5,3,4,4,4,"000","000","0","0","0","0","0","000","000","000","000",1,0,20,1
"2C4","2_tuesday_4.00","ML",2.145,2.145,"10-06-2015",1,"mug",1,"ML",1996,"M","Asian","Korea South","English","College","Statistics",FALSE,"",4,3,3,2,4,3,3,4,4,4,4,2,4,3,3,5,3,4,3,4,3,4,4,4,4,4,3,4,3,4,2,4,4,4,3,5,2,3,2,3,3,4,3,4,"000","000","0","0","0","0","0","000","000","000","000",0,0,19,1
"2C5","2_tuesday_4.00","MH",9.57,8.745,"10-06-2015",1,"mug",8,"MH",1992,"M","Asian","United States","Cantonese","Graduate School","Biology",FALSE,"",3,4,4,3,3,3,3,2,3,4,3,1,4,4,4,3,4,2,4,3,4,3,4,4,3,2,3,4,2,4,4,4,2,3,4,3,2,4,4,4,2,3,2,4,"000","000","0","0","0","0","0","000","000","000","000",0,1,23,1
"2C7","2_tuesday_4.00","ML",1.485,1.485,"10-06-2015",1,"mug",1,"ML",1987,"F","Caucasian","United States","English","Graduate School","Law",FALSE,"",2,4,5,5,4,5,4,2,2,5,2,2,5,5,4,2,4,2,5,3,5,1,2,2,4,3,5,5,4,4,4,4,4,4,4,2,4,4,4,4,2,2,2,4,"000","000","0","0","0","0","0","000","000","000","000",1,0,28,1
"2C8","2_tuesday_4.00","MH",2.805,2.145,"10-06-2015",1,"mug",8,"MH",1994,"F","Caucasian","United States","English","College","Cognitive Neuroscience",FALSE,"",2,4,4,3,3,5,4,2,2,4,3,2,5,4,4,3,4,1,5,2,4,3,2,2,3,4,3,5,4,2,4,4,5,4,4,3,3,4,5,4,3,3,2,3,"000","000","0","0","0","0","0","000","000","000","000",1,1,21,1
"2C9","2_tuesday_4.00","ML",4.455,5.115,"10-06-2015",1,"mug",1,"ML",1995,"F","Hispanic","United States","English","College","Economics",FALSE,"",5,2,4,1,4,2,5,2,4,5,5,1,5,2,4,5,5,3,2,4,2,5,1,5,5,4,2,5,2,5,2,5,5,5,5,5,2,5,2,3,2,5,4,5,"000","000","0","0","0","0","0","000","000","000","000",1,0,20,1
"20A10","20_friday_230","ML",0.165,0.165,"10-16-2015",31,"mug",1,"ML",1995,"F","Other","United States","English","College","Religion",FALSE,"",5,4,5,2,4,3,4,4,2,3,1,2,5,5,4,4,3,1,5,5,2,3,5,3,3,4,2,4,2,4,4,4,5,4,2,3,3,4,4,4,3,4,4,2,"000","000","0","0","0","0","0","000","000","000","000",1,0,20,5
"20A11","20_friday_230","MH",1.155,0.825,"10-16-2015",31,"mug",8,"MH",1993,"F","Caucasian","United States","English","Graduate School","Prevention Science and Practice: Adolescent School Guidance Counseling",FALSE,"",4,2,4,1,4,2,5,3,3,5,3,2,5,4,4,3,4,1,4,4,3,5,5,3,4,3,3,3,4,5,4,5,4,4,4,4,1,4,3,5,2,4,3,4,"000","000","0","0","0","0","0","000","000","000","000",1,1,22,5
"20A12","20_friday_230","MH",8.085,9.405,"10-16-2015",31,"mug",8,"MH",1994,"F","Middle Eastern","Egypt","Arabic","College","Economics",FALSE,"",4,4,4,2,3,2,3,4,3,4,4,3,4,4,3,4,3,4,4,4,2,3,2,4,3,3,2,4,3,2,3,3,4,3,2,4,3,4,4,4,3,3,3,3,"000","000","0","0","0","0","0","000","000","000","000",1,1,21,5
"20A7","20_friday_230","ML",4.455,4.785,"10-16-2015",31,"mug",1,"ML",1995,"M","African/African American","United States","English","College","Neurobiology",FALSE,"",2,2,4,3,4,2,4,4,5,4,2,5,5,2,5,5,5,3,4,4,4,4,2,4,4,4,4,5,3,4,4,4,4,4,4,3,2,5,3,3,4,4,4,4,"000","000","0","0","0","0","0","000","000","000","000",0,0,20,5
"20A8","20_friday_230","ML",5.115,0.165,"10-16-2015",31,"mug",1,"ML",1994,"M","Caucasian","United States","English","College","Chemistry and Physics",FALSE,"",3,4,4,2,4,4,3,3,4,4,4,3,5,4,4,2,2,2,2,4,4,2,1,4,2,4,4,4,3,2,4,3,4,4,2,2,4,4,3,4,4,3,3,1,"000","000","0","0","0","0","0","000","000","000","000",0,0,21,5
"20A9","20_friday_230","ML",1.485,6.765,"10-16-2015",31,"mug",1,"ML",1997,"F","African/African American","United States","English","College","Environmental Science and Public Policy",FALSE,"",5,2,5,3,5,2,4,2,2,5,4,1,5,2,5,5,5,2,4,5,1,5,4,2,4,5,2,5,5,4,2,5,5,3,2,5,3,3,2,5,4,5,3,3,"000","000","0","0","0","0","0","000","000","000","000",1,0,18,5
"20B1","20_friday_230","ML",3.795,0.825,"10-16-2015",31,"mug",1,"ML",1996,"M","Asian","United States","Urdu","College","Economics",FALSE,"",5,4,5,4,5,2,5,2,3,4,5,2,5,5,5,4,3,2,5,5,2,2,2,3,4,4,2,5,3,4,4,5,5,3,5,5,2,5,4,4,3,4,3,2,"000","000","0","0","0","0","0","000","000","000","000",0,0,19,5
"20B3","20_friday_230","ML",6.105,7.425,"10-16-2015",31,"mug",1,"ML",1995,"M","African/African American","United States","English","College","Cognitive Neuroscience and Evolutionary Psychology",FALSE,"",2,4,4,1,3,5,3,2,4,4,3,2,5,3,4,2,4,2,2,5,3,4,4,4,4,3,5,5,4,5,4,3,4,5,3,1,4,2,3,4,1,2,5,3,"000","000","0","0","0","0","0","000","000","000","000",0,0,20,5
"20B5","20_friday_230","ML",5.115,2.475,"10-16-2015",31,"mug",1,"ML",1994,"F","Asian","United States","English","College","Economics",FALSE,"",3,4,5,2,4,4,4,2,3,5,3,1,5,4,4,3,2,1,3,3,4,3,1,4,3,3,3,4,3,4,4,4,4,3,3,3,2,4,3,4,2,4,2,3,"000","000","0","0","0","0","0","000","000","000","000",1,0,21,5
"20B6","20_friday_230","MH",7.755,6.435,"10-16-2015",31,"mug",8,"MH",1994,"M","Caucasian","United States","English","College","Economics",FALSE,"",2,4,4,4,4,4,4,2,2,4,4,2,4,5,4,2,2,3,5,5,4,1,2,3,3,4,4,5,4,3,4,4,1,4,2,2,3,4,2,5,2,4,4,3,"000","000","0","0","0","0","0","000","000","000","000",0,1,21,5
"20B7","20_friday_230","ML",0.825,1.815,"10-16-2015",31,"mug",1,"ML",1995,"M","Caucasian","Romania","Romanian","College","Physics and Math",FALSE,"",3,2,5,2,3,3,4,3,3,4,4,3,4,4,4,4,4,1,2,4,3,4,2,4,4,3,3,4,4,4,3,3,4,3,3,2,4,4,3,4,4,2,3,2,"000","000","0","0","0","0","0","000","000","000","000",0,0,20,5
"20B8","20_friday_230","ML",3.135,1.155,"10-16-2015",31,"mug",1,"ML",1996,"M","African/African American","United States","English","College","English",FALSE,"",3,3,4,1,3,4,4,4,5,5,3,1,3,2,5,2,5,4,1,3,4,4,4,5,3,2,3,4,2,3,4,4,3,4,3,2,3,3,2,5,3,3,4,3,"000","000","0","0","0","0","0","000","000","000","000",0,0,19,5
"20B9","20_friday_230","ML",6.105,3.135,"10-16-2015",31,"mug",1,"ML",1994,"F","Other","United States","English","College","Applied Mathematics",FALSE,"",3,2,4,3,5,4,3,2,5,5,3,1,4,3,4,2,4,1,4,5,3,4,3,5,5,4,4,4,3,4,5,4,3,5,2,4,1,3,2,5,2,4,4,5,"000","000","0","0","0","0","0","000","000","000","000",1,0,21,5
"3B11","3_wed_10.00","MH",9.57,6.435,"10-07-2015",111,"mug",8,"MH",1985,"F","Hispanic","Peru","Spanish","Graduate School","International Relations",FALSE,"",5,2,5,1,4,1,5,4,3,5,5,4,5,2,4,5,5,1,2,5,1,4,1,4,4,4,1,4,1,4,1,4,4,4,2,5,1,5,1,4,2,5,3,4,"000","000","0","0","0","0","0","000","000","000","000",1,1,30,2
"3B12","3_wed_10.00","MH",5.115,9.405,"10-07-2015",121,"mug",8,"MH",1996,"F","Caucasian","United States","English","College","Applied Math - Engineering",FALSE,"",3,3,5,4,4,3,5,3,4,5,3,4,5,4,4,4,4,4,4,4,2,2,2,2,4,4,3,5,5,4,4,4,3,5,2,4,4,4,4,5,2,4,4,3,"000","000","0","0","0","0","0","000","000","000","000",1,1,19,2
"3B7","3_wed_10.00","ML",1.815,0,"10-07-2015",71,"mug",1,"ML",1994,"M","Caucasian","United States","English","College","Visual & Environmental Studies",FALSE,"",4,4,2,3,5,3,2,2,5,5,4,4,2,2,4,2,5,5,3,5,3,4,4,5,4,3,4,2,4,5,4,3,2,5,2,3,4,2,1,5,1,4,4,5,"000","000","0","0","0","0","0","000","000","000","000",0,0,21,2
"3B9","3_wed_10.00","ML",1.155,4.125,"10-07-2015",91,"mug",1,"ML",1995,"F","Middle Eastern","United States","English","College","Biology",FALSE,"",3,2,4,1,4,4,4,2,4,4,4,1,4,4,3,3,4,1,2,2,4,4,2,5,4,2,2,3,4,5,2,5,3,4,4,3,1,3,1,3,1,5,4,4,"000","000","0","0","0","0","0","000","000","000","000",1,0,20,2
"3C10","3_wed_10.00","MH",0.165,0.165,"10-07-2015",211,"mug",8,"MH",1995,"M","Middle Eastern","United States","Turkish","College","Molecular and Cellular Biology",FALSE,"",5,4,4,3,4,2,3,3,3,4,4,4,4,4,5,5,3,2,3,4,2,4,2,3,4,5,2,2,4,4,2,3,3,4,3,4,3,4,2,4,2,4,3,4,"000","000","0","0","0","0","0","000","000","000","000",0,1,20,2
"3C11","3_wed_10.00","ML",0.165,0.165,"10-07-2015",231,"mug",1,"ML",1994,"F","Asian","United States","English","College","Economics",FALSE,"",3,4,5,2,4,3,3,4,3,5,4,2,5,2,4,3,3,2,5,5,4,4,3,2,5,4,4,5,3,5,4,4,4,3,2,4,3,4,5,5,1,4,4,5,"000","000","0","0","0","0","0","000","000","000","000",1,0,21,2
"3C12","3_wed_10.00","MH",8.745,9.075,"10-07-2015",241,"mug",8,"MH",1989,"F","Caucasian","United States","English","Graduate School","Middle East Studies",FALSE,"",3,3,4,2,5,4,4,4,4,5,4,1,5,4,4,2,2,2,5,3,4,4,2,4,4,2,2,3,3,5,4,4,4,4,3,4,2,5,1,4,1,3,2,5,"000","000","0","0","0","0","0","000","000","000","000",1,1,26,2
"3C2","3_wed_10.00","ML",9.57,1.155,"10-07-2015",141,"mug",1,"ML",1986,"F","Asian","India","Malayalam","Graduate School","Public Administration",FALSE,"",2,2,5,1,3,4,3,4,3,3,3,1,5,4,3,2,4,1,2,3,4,5,1,5,3,3,2,5,2,5,5,5,5,4,3,3,2,5,3,5,4,5,3,5,"000","000","0","0","0","0","0","000","000","000","000",1,0,29,2
"3C3","3_wed_10.00","ML",1.155,2.145,"10-07-2015",151,"mug",1,"ML",1989,"F","Caucasian","Argentina","Spanish","Graduate School","management",FALSE,"",3,3,4,1,3,2,5,2,3,5,4,2,5,2,3,4,3,2,2,4,3,5,2,4,4,4,2,5,3,5,2,5,4,3,2,4,2,4,3,4,2,5,3,4,"000","000","0","0","0","0","0","000","000","000","000",1,0,26,2
"3C5","3_wed_10.00","ML",9.57,4.125,"10-07-2015",171,"mug",1,"ML",1993,"F","African/African American","United States","English","College","Biomedical Engineering",FALSE,"",2,2,4,1,4,3,4,2,4,4,4,1,4,4,2,4,4,4,3,4,3,4,2,4,4,2,1,4,2,4,4,4,4,4,2,4,2,4,1,4,1,4,2,2,"000","000","0","0","0","0","0","000","000","000","000",1,0,22,2
"3C6","3_wed_10.00","ML",1.485,1.815,"10-07-2015",181,"mug",1,"ML",1994,"F","Asian","India","Hindi","College","Government",FALSE,"",4,3,4,2,3,4,2,4,4,4,4,2,4,4,3,3,2,4,4,4,2,4,4,4,2,4,4,4,4,4,4,4,4,4,2,4,4,4,2,4,4,4,2,3,"000","000","0","0","0","0","0","000","000","000","000",1,0,21,2
"3C7","3_wed_10.00","ML",8.415,7.095,"10-07-2015",191,"mug",1,"ML",1994,"M","Hispanic","United States","Spanish","High School","",FALSE,"",4,2,5,4,4,2,4,3,5,5,5,2,4,5,5,5,3,4,4,5,2,4,4,5,4,5,3,4,4,4,4,5,4,5,4,5,3,4,3,4,4,5,1,4,"000","000","0","0","0","0","0","000","000","000","000",0,0,21,2
"3C9","3_wed_10.00","MH",1.155,5.115,"10-07-2015",211,"mug",8,"MH",1992,"F","African/African American","United States","English","Graduate School","Law",FALSE,"",4,4,4,2,4,3,4,2,3,4,3,3,4,4,4,4,2,2,4,3,2,3,2,4,3,5,4,4,4,4,2,2,4,3,3,4,4,4,3,3,3,4,2,4,"000","000","0","0","0","0","0","000","000","000","000",1,1,23,2
"4B10","4_wed_11.30","ML",4.785,4.125,"10-07-2015",41,"mug",1,"ML",1994,"F","Other","United States","English","College","Archaeology and Social Anthropology",FALSE,"",5,2,3,2,5,2,4,5,4,5,3,1,4,2,5,4,5,5,2,5,2,5,4,3,4,4,1,4,3,5,3,4,3,5,5,5,3,2,2,5,1,4,5,5,"000","000","0","0","0","0","0","000","000","000","000",1,0,21,2
"4B11","4_wed_11.30","MH",1.155,2.145,"10-07-2015",51,"mug",8,"MH",1996,"M","Other","United States","English","College","undecided",FALSE,"",3,3,3,4,3,5,2,4,2,4,1,1,2,4,3,2,3,3,4,4,3,3,4,2,2,2,4,2,4,4,4,2,2,2,4,1,3,3,4,3,2,2,5,2,"000","000","0","0","0","0","0","000","000","000","000",0,1,19,2
"4B12","4_wed_11.30","MH",1.155,3.135,"10-07-2015",61,"mug",8,"MH",1993,"F","Caucasian","United States","English","College","Neurobiology",FALSE,"",4,3,5,4,4,3,3,1,2,5,3,2,4,5,3,3,2,4,5,4,4,2,3,3,4,2,4,3,3,5,3,4,4,4,2,3,1,4,5,5,1,4,2,4,"000","000","0","0","0","0","0","000","000","000","000",1,1,22,2
"4B9","4_wed_11.30","MH",2.475,2.805,"10-07-2015",31,"mug",8,"MH",1994,"M","Caucasian","United States","English","College","Economics",FALSE,"",4,5,5,3,2,3,3,1,3,4,4,3,5,4,4,4,3,1,2,3,2,4,1,3,3,5,2,4,3,2,1,4,5,4,4,4,3,5,2,3,4,2,1,2,"000","000","0","0","0","0","0","000","000","000","000",0,1,21,2
"4C1","4_wed_11.30","MH",7.095,4.785,"10-07-2015",191,"mug",8,"MH",1993,"M","Hispanic","United States","Spanish","College","Neurobiology",FALSE,"",4,4,5,2,4,3,4,2,4,5,4,3,5,4,5,5,4,3,2,3,4,4,2,3,4,5,1,5,4,2,4,4,5,5,3,4,4,4,2,5,4,4,3,2,"000","000","0","0","0","0","0","000","000","000","000",0,1,22,2
"4C2","4_wed_11.30","ML",2.805,3.795,"10-07-2015",201,"mug",1,"ML",1995,"F","Other","Canada","English","College","Sociology",FALSE,"",4,4,4,2,3,4,4,3,4,4,3,2,5,4,3,4,2,1,4,4,3,4,2,4,3,5,3,4,4,4,4,4,5,4,5,3,4,4,3,4,4,4,3,3,"000","000","0","0","0","0","0","000","000","000","000",1,0,20,2
"4C3","4_wed_11.30","MH",1.155,1.155,"10-07-2015",221,"mug",8,"MH",1994,"M","Asian","United States","English","High School","",FALSE,"",4,4,4,2,2,4,4,4,3,4,3,1,4,4,2,2,4,4,3,3,4,4,2,4,3,3,2,4,4,4,4,5,2,3,4,3,3,2,3,2,2,4,4,4,"000","000","0","0","0","0","0","000","000","000","000",0,1,21,2
"4C5","4_wed_11.30","ML",3.465,5.445,"10-07-2015",231,"mug",1,"ML",1996,"F","Asian","United States","English","College","Neurobiology",FALSE,"",2,2,4,3,2,5,3,4,2,5,3,2,4,4,4,2,4,3,4,4,4,3,4,4,4,4,4,3,4,2,4,3,3,2,1,2,3,3,4,5,5,3,4,2,"000","000","0","0","0","0","0","000","000","000","000",1,0,19,2
"4C6","4_wed_11.30","MH",1.815,3.795,"10-07-2015",241,"mug",8,"MH",1996,"M","Asian","Korea South","Korean","College","Biolgoy",FALSE,"",4,2,4,2,4,4,4,4,4,4,3,2,4,2,3,4,4,4,4,4,4,4,2,4,4,4,3,4,2,4,4,4,4,4,4,3,2,4,3,4,2,4,3,3,"000","000","0","0","0","0","0","000","000","000","000",0,1,19,2
"5B1","5_wed_1.00","ML",4.125,3.795,"10-07-2015",11,"mug",1,"ML",1996,"F","Other","United States","English","College","History",FALSE,"",3,4,4,2,3,4,5,4,2,4,4,4,4,4,4,5,1,1,4,4,2,4,1,2,4,5,4,2,5,4,4,4,5,5,2,4,2,4,2,4,1,2,4,2,"000","000","0","0","0","0","0","000","000","000","000",1,0,19,2
"5B10","5_wed_1.00","ML",1.155,4.125,"10-07-2015",101,"mug",1,"ML",1995,"F","Asian","United States","English","College","Government",FALSE,"",2,3,3,3,3,4,3,3,3,4,2,2,4,4,3,2,4,2,3,4,4,4,4,4,4,2,4,4,4,4,4,3,4,4,3,2,3,3,3,4,4,4,4,4,"000","000","0","0","0","0","0","000","000","000","000",1,0,20,2
"5B12","5_wed_1.00","ML",0.825,3.795,"10-07-2015",121,"mug",1,"ML",1995,"F","Caucasian","United States","English","College","Government",FALSE,"",2,4,4,3,4,4,5,2,4,4,4,1,4,2,3,3,3,2,2,4,4,2,2,4,3,3,2,4,3,4,4,5,4,4,2,2,1,4,2,4,3,4,3,1,"000","000","0","0","0","0","0","000","000","000","000",1,0,20,2
"5B2","5_wed_1.00","ML",2.805,2.805,"10-07-2015",21,"mug",1,"ML",1990,"F","Other","United States","English","Graduate School","Psychology",FALSE,"",2,2,4,2,4,4,4,2,4,4,3,2,4,4,4,3,4,2,4,4,4,4,2,4,3,2,2,4,3,5,4,4,4,4,3,2,2,3,4,3,2,5,2,4,"000","000","0","0","0","0","0","000","000","000","000",1,0,25,2
"5B3","5_wed_1.00","MH",4.785,0.495,"10-07-2015",31,"mug",8,"MH",1984,"M","Other","India","Hindi","Graduate School","Policy",FALSE,"",4,4,5,1,4,3,4,2,4,4,4,2,5,4,4,4,4,2,2,4,2,4,2,4,4,5,2,5,2,5,3,4,5,4,1,4,3,4,2,4,2,4,3,3,"000","000","0","0","0","0","0","000","000","000","000",0,1,31,2
"5B4","5_wed_1.00","MH",4.125,7.095,"10-07-2015",41,"mug",8,"MH",1995,"F","Asian","United States","Mandarin","College","Molecular and Cellular Biology",FALSE,"",2,3,4,4,4,4,3,4,2,4,3,2,4,4,4,3,4,4,5,5,4,3,2,2,4,2,3,5,4,5,4,3,4,2,2,2,2,4,3,5,1,4,4,5,"000","000","0","0","0","0","0","000","000","000","000",1,1,20,2
"5B6","5_wed_1.00","ML",2.805,5.115,"10-07-2015",61,"mug",1,"ML",1995,"M","Caucasian","United States","English","College","economics",FALSE,"",5,3,5,1,4,1,4,2,4,4,5,2,5,1,3,5,5,1,1,5,1,5,1,1,4,5,1,4,3,5,1,5,5,5,4,5,2,5,1,5,5,5,4,2,"000","000","0","0","0","0","0","000","000","000","000",0,0,20,2
"5B7","5_wed_1.00","MH",3.135,2.145,"10-07-2015",71,"mug",8,"MH",1994,"F","Asian","United States","English","College","HISTORY",FALSE,"",4,3,4,2,4,4,4,2,2,4,4,1,4,4,4,2,3,2,4,4,4,2,2,4,4,4,3,4,2,4,4,4,4,4,2,3,2,4,4,4,1,3,3,4,"000","000","0","0","0","0","0","000","000","000","000",1,1,21,2
"5B8","5_wed_1.00","MH",2.805,1.815,"10-07-2015",81,"mug",8,"MH",1995,"F","African/African American","United States","English","College","Psychology",FALSE,"",2,2,4,1,4,4,5,2,5,5,4,1,5,2,5,5,4,1,1,4,4,4,2,5,4,2,3,4,2,4,4,5,4,5,4,4,1,4,4,4,2,5,4,2,"000","000","0","0","0","0","0","000","000","000","000",1,1,20,2
"5B9","5_wed_1.00","MH",0.165,0.165,"10-07-2015",91,"mug",8,"MH",1995,"F","Caucasian","United States","English","College","History",FALSE,"",5,2,5,1,5,2,4,2,4,5,5,2,5,3,5,5,4,4,2,4,2,4,1,5,4,5,1,4,2,4,2,4,5,5,3,5,1,5,1,4,1,4,2,4,"000","000","0","0","0","0","0","000","000","000","000",1,1,20,2
"5C1","5_wed_1.00","MH",6.105,5.115,"10-07-2015",131,"mug",8,"MH",1991,"F","Asian","United States","English","Graduate School","Psychology",FALSE,"",5,2,4,2,4,2,4,4,3,5,4,1,4,2,3,5,5,4,3,3,1,4,3,4,3,3,1,4,2,4,2,5,3,3,4,5,2,3,2,4,3,4,4,1,"000","000","0","0","0","0","0","000","000","000","000",1,1,24,2
"5C11","5_wed_1.00","MH",1.155,7.425,"10-07-2015",111,"mug",8,"MH",1995,"M","Asian","United States","English","College","History and Literature",FALSE,"",4,3,2,4,4,3,4,4,3,4,4,1,4,1,3,5,4,5,4,5,3,3,4,4,4,4,3,3,4,5,4,5,2,4,4,3,2,4,5,4,2,4,5,3,"000","000","0","0","0","0","0","000","000","000","000",0,1,20,2
"5C12","5_wed_1.00","MH",2.145,6.435,"10-07-2015",241,"mug",8,"MH",1993,"F","African/African American","United States","English","College","Biology",FALSE,"",4,2,5,1,4,4,4,1,5,5,4,1,5,3,2,5,4,2,2,5,4,5,1,5,4,1,2,5,2,5,4,5,5,5,1,5,2,4,1,4,1,4,1,2,"000","000","0","0","0","0","0","000","000","000","000",1,1,22,2
"5C2","5_wed_1.00","MH",5.115,7.095,"10-07-2015",141,"mug",8,"MH",1993,"F","Asian","United States","English","College","Human developmental biology",FALSE,"",4,4,4,1,4,2,4,3,5,5,5,1,4,4,4,5,4,2,3,5,2,4,2,5,5,4,1,4,4,5,4,5,5,5,5,5,2,3,4,5,1,5,2,5,"000","000","0","0","0","0","0","000","000","000","000",1,1,22,2
"5C3","5_wed_1.00","ML",3.465,2.475,"10-07-2015",151,"mug",1,"ML",1995,"M","African/African American","United States","English","College","Sociology",FALSE,"",4,4,4,3,4,3,4,4,3,5,2,2,4,4,3,2,3,2,4,4,2,4,2,2,3,4,3,2,4,5,3,3,4,2,2,4,4,4,3,5,2,3,3,3,"000","000","0","0","0","0","0","000","000","000","000",0,0,20,2
"5C4","5_wed_1.00","MH",7.425,5.115,"10-07-2015",161,"mug",8,"MH",1995,"M","Caucasian","United States","English","College","Mathematics",FALSE,"",5,3,4,2,3,3,4,3,5,5,4,2,3,2,3,4,4,5,2,2,1,4,2,5,3,4,1,3,1,3,1,5,4,4,3,5,2,2,2,3,3,3,4,4,"000","000","0","0","0","0","0","000","000","000","000",0,1,20,2
"5C5","5_wed_1.00","ML",2.145,3.135,"10-07-2015",171,"mug",1,"ML",1995,"M","Asian","United States","English","College","Government",FALSE,"",5,3,4,3,4,2,4,4,3,4,4,1,4,4,4,4,4,2,5,4,2,4,4,4,4,2,2,4,4,4,3,4,2,4,4,5,4,3,4,4,2,5,4,4,"000","000","0","0","0","0","0","000","000","000","000",0,0,20,2
"5C6","5_wed_1.00","ML",3.135,4.125,"10-07-2015",181,"mug",1,"ML",1993,"F","Hispanic","Honduras","English","College","Neurobiology",FALSE,"",2,2,4,3,3,5,4,1,2,4,4,1,4,2,4,4,4,1,5,2,5,4,1,3,3,3,3,5,2,4,4,4,2,4,3,2,2,3,5,4,4,4,4,3,"000","000","0","0","0","0","0","000","000","000","000",1,0,22,2
"5C8","5_wed_1.00","MH",3.795,1.815,"10-07-2015",201,"mug",8,"MH",1994,"F","Asian","China","English","College","Economics",FALSE,"",4,3,4,4,3,3,4,3,3,5,3,1,4,4,4,4,3,3,5,4,3,2,3,3,3,4,4,4,3,4,4,4,4,4,3,3,2,3,4,4,4,3,3,4,"000","000","0","0","0","0","0","000","000","000","000",1,1,21,2
"5C9","5_wed_1.00","MH",5.115,5.775,"10-07-2015",211,"mug",8,"MH",1994,"F","Hispanic","United States","English","College","Biology",FALSE,"",4,3,5,1,3,2,4,2,2,3,3,1,5,4,2,3,4,1,2,1,3,4,2,4,1,4,1,5,1,1,4,5,5,4,4,4,1,4,3,2,5,5,2,1,"000","000","0","0","0","0","0","000","000","000","000",1,1,21,2
"6B10","6_wed_2.30","ML",3.135,2.145,"10-07-2015",101,"mug",1,"ML",1994,"M","Asian","United States","English","College","Economics",FALSE,"",2,4,4,2,4,4,3,2,4,4,4,1,4,2,3,3,5,1,2,4,4,4,1,4,4,4,4,4,2,2,4,4,4,4,4,2,2,4,2,2,2,3,2,2,"000","000","0","0","0","0","0","000","000","000","000",0,0,21,2
"6B11","6_wed_2.30","MH",4.125,5.775,"10-07-2015",111,"mug",8,"MH",1995,"M","Other","United States","English","College","Economics",FALSE,"",4,3,4,2,4,4,4,3,4,4,4,2,4,3,4,4,4,1,2,4,4,5,2,4,4,4,3,4,3,4,4,4,4,4,3,4,3,5,3,4,2,4,3,2,"000","000","0","0","0","0","0","000","000","000","000",0,1,20,2
"6B12","6_wed_2.30","ML",3.135,3.135,"10-07-2015",121,"mug",1,"ML",1996,"F","Caucasian","United States","English","College","Human Developmental and Regenerative Biology",FALSE,"",4,2,4,2,4,2,4,3,4,4,3,2,4,2,4,4,4,3,2,3,2,4,3,4,4,3,2,4,3,3,3,4,4,4,2,4,2,4,3,3,2,4,3,3,"000","000","0","0","0","0","0","000","000","000","000",1,0,19,2
"6B7","6_wed_2.30","ML",1.155,3.465,"10-07-2015",71,"mug",1,"ML",1994,"F","Asian","United States","English","College","Economics",FALSE,"",2,2,4,1,4,4,4,2,3,2,2,1,4,3,3,3,4,2,4,4,4,4,4,4,4,2,3,4,4,4,4,4,4,4,2,3,3,4,2,4,3,3,3,3,"000","000","0","0","0","0","0","000","000","000","000",1,0,21,2
"6B8","6_wed_2.30","ML",0.825,0.825,"10-07-2015",81,"mug",1,"ML",1994,"F","Caucasian","United States","English","College","History & Literature",FALSE,"",4,1,5,1,4,3,4,1,5,4,4,2,5,2,4,5,4,2,3,3,3,5,2,4,4,5,2,5,2,5,3,5,5,5,4,4,1,4,2,4,1,5,3,4,"000","000","0","0","0","0","0","000","000","000","000",1,0,21,2
"6B9","6_wed_2.30","ML",3.465,3.465,"10-07-2015",91,"mug",1,"ML",1996,"F","African/African American","United States","English","College","Sociology",FALSE,"",2,2,4,1,4,4,4,4,1,2,2,2,5,4,2,2,2,4,4,4,4,4,4,4,3,4,4,4,4,2,4,3,2,4,4,2,4,3,4,2,4,4,4,2,"000","000","0","0","0","0","0","000","000","000","000",1,0,19,2
"6C1","6_wed_2.30","MH",4.785,8.745,"10-07-2015",131,"mug",8,"MH",1995,"F","Caucasian","United States","English","College","Government",FALSE,"",5,3,5,2,3,3,4,2,3,4,4,1,5,4,4,4,4,2,4,4,2,4,2,4,3,3,1,5,4,4,2,4,4,4,4,4,3,4,2,4,3,4,2,3,"000","000","0","0","0","0","0","000","000","000","000",1,1,20,2
"6C3","6_wed_2.30","MH",6.105,5.115,"10-07-2015",151,"mug",8,"MH",1995,"M","African/African American","United States","English","College","English",FALSE,"",4,2,4,3,4,4,4,3,4,4,4,2,4,4,4,4,4,4,3,4,3,3,2,4,4,4,4,4,4,4,4,4,4,4,1,4,3,3,2,4,2,4,3,4,"000","000","0","0","0","0","0","000","000","000","000",0,1,20,2
"6C4","6_wed_2.30","ML",1.485,0.825,"10-07-2015",161,"mug",1,"ML",1995,"F","Caucasian","United States","English","College","English",FALSE,"",4,2,4,4,3,2,2,4,2,5,4,1,5,2,2,5,4,2,4,4,3,5,2,3,3,2,2,4,4,5,4,4,4,3,4,4,2,3,4,5,2,3,4,2,"000","000","0","0","0","0","0","000","000","000","000",1,0,20,2
"6C5","6_wed_2.30","MH",9.57,5.115,"10-07-2015",171,"mug",8,"MH",1995,"M","Asian","United States","English","College","Pre-Medicine",FALSE,"",4,4,4,2,4,2,4,4,4,4,4,3,4,4,4,4,4,3,3,4,2,4,2,4,4,4,2,4,4,4,2,4,4,4,2,4,3,4,2,4,2,4,3,3,"000","000","0","0","0","0","0","000","000","000","000",0,1,20,2
"6C6","6_wed_2.30","MH",4.785,3.795,"10-07-2015",181,"mug",8,"MH",1994,"F","Caucasian","United States","English","College","Environmental Science and Public Policy",FALSE,"",3,2,5,2,4,4,3,3,4,4,3,1,5,3,3,5,4,2,2,2,4,4,2,4,3,3,4,3,2,4,4,5,4,3,4,4,2,4,2,3,3,4,3,2,"000","000","0","0","0","0","0","000","000","000","000",1,1,21,2
"7B10","7_wed_4.00","MH",6.765,5.445,"10-07-2015",101,"mug",8,"MH",1993,"M","Caucasian","United Kingdom","English","Graduate School","Middle Eastern Studies",FALSE,"",4,5,3,2,3,3,3,2,2,4,3,3,4,4,4,3,3,4,2,3,2,3,1,4,3,4,4,2,3,4,3,4,4,4,2,4,3,3,2,5,2,3,2,4,"000","000","0","0","0","0","0","000","000","000","000",0,1,22,2
"7B12","7_wed_4.00","ML",1.155,1.155,"10-07-2015",121,"mug",1,"ML",1995,"F","Caucasian","United States","English","College","Statistics",FALSE,"",3,4,4,3,4,5,2,2,3,3,3,3,4,4,2,2,2,2,4,3,4,3,3,4,4,4,4,3,4,3,4,2,4,4,4,3,4,4,3,3,4,4,3,3,"000","000","0","0","0","0","0","000","000","000","000",1,0,20,2
"7B8","7_wed_4.00","ML",5.115,4.125,"10-07-2015",181,"mug",1,"ML",1992,"F","Other","United States","English","College","Human Evolutionary Biology",FALSE,"",2,1,5,3,3,4,4,1,3,4,2,1,5,2,2,2,5,1,4,3,2,5,1,3,2,2,1,5,3,4,4,5,4,4,2,3,1,2,2,4,4,5,4,3,"000","000","0","0","0","0","0","000","000","000","000",1,0,23,2
"7B9","7_wed_4.00","ML",3.795,1.155,"10-07-2015",91,"mug",1,"ML",1994,"M","Caucasian","United States","English","College","Government",FALSE,"",3,3,4,2,4,3,3,1,5,3,3,3,5,4,3,3,3,2,2,4,3,3,2,4,3,3,3,4,3,2,4,4,4,4,5,3,3,4,2,3,5,4,2,2,"000","000","0","0","0","0","0","000","000","000","000",0,0,21,2
"7C1","7_wed_4.00","MH",6.765,8.745,"10-07-2015",131,"mug",8,"MH",1995,"F","Caucasian","United States","English","College","Government",FALSE,"",4,3,5,3,4,4,4,2,3,5,3,2,5,5,5,4,4,1,5,4,4,4,3,4,4,4,2,4,4,4,4,3,5,3,2,3,3,3,5,4,2,4,2,3,"000","000","0","0","0","0","0","000","000","000","000",1,1,20,2
"7C12","7_wed_4.00","ML",6.105,2.805,"10-07-2015",241,"mug",1,"ML",1994,"F","Asian","United States","English","College","Pre-Med",FALSE,"",4,2,5,1,4,3,4,1,4,4,4,1,5,3,4,5,3,1,2,4,3,4,1,4,3,3,1,5,1,4,3,5,5,4,3,4,1,5,2,4,2,5,2,4,"000","000","0","0","0","0","0","000","000","000","000",1,0,21,2
"7C2","7_wed_4.00","MH",4.125,3.135,"10-07-2015",141,"mug",8,"MH",1994,"F","Asian","United States","English","College","Human Evolutionary Biology",FALSE,"",3,3,4,3,3,3,3,4,2,3,4,1,5,4,2,4,4,3,5,3,3,3,2,3,2,3,2,5,4,5,4,4,4,4,4,4,2,5,4,3,1,3,2,5,"000","000","0","0","0","0","0","000","000","000","000",1,1,21,2
"7C5","7_wed_4.00","ML",1.815,0,"10-07-2015",171,"mug",1,"ML",1992,"M","Caucasian","United States","English","College","Economics",FALSE,"",2,1,4,1,4,4,2,2,5,5,4,1,5,2,4,3,4,1,1,4,4,4,2,5,4,3,1,4,2,5,2,5,4,4,4,4,3,4,1,4,5,2,4,4,"000","000","0","0","0","0","0","000","000","000","000",0,0,23,2
"7C7","7_wed_4.00","MH",1.815,4.785,"10-07-2015",191,"mug",8,"MH",1993,"F","Hispanic","United States","English","College","Neurobiolgy & GHHP",FALSE,"",3,1,4,2,3,4,4,3,3,5,4,1,3,3,4,4,2,4,4,3,3,5,4,3,3,2,1,4,4,5,3,4,2,3,3,5,1,4,4,4,3,4,4,3,"000","000","0","0","0","0","0","000","000","000","000",1,1,22,2
"7C8","7_wed_4.00","ML",5.115,2.145,"10-07-2015",201,"mug",1,"ML",1995,"F","Caucasian","United States","English","College","Government",FALSE,"",2,1,4,3,3,3,4,4,3,5,2,1,5,4,4,2,4,2,1,2,3,2,3,5,3,2,3,2,2,3,2,4,3,4,4,4,1,2,1,5,3,4,3,2,"000","000","0","0","0","0","0","000","000","000","000",1,0,20,2
"7C9","7_wed_4.00","ML",1.155,0.825,"10-07-2015",211,"mug",1,"ML",1992,"F","Caucasian","United States","English","College","Psychology",FALSE,"",5,2,4,4,5,1,5,3,3,4,4,2,4,4,4,5,3,4,4,4,2,4,3,1,4,4,1,4,4,5,2,4,4,3,2,5,1,2,4,5,1,5,4,3,"000","000","0","0","0","0","0","000","000","000","000",1,0,23,2
"8B10","8_thursday_10.00","MH",1.485,3.135,"10-08-2015",101,"mug",8,"MH",1994,"F","Caucasian","United States","English","College","Neurobiology",FALSE,"",4,4,5,2,4,2,4,2,3,4,3,2,5,3,3,4,2,3,2,3,2,3,2,4,4,4,2,4,2,3,2,5,4,3,3,4,2,4,3,3,4,5,2,2,"000","000","0","0","0","0","0","000","000","000","000",1,1,21,3
"8B11","8_thursday_10.00","MH",2.145,1.485,"10-08-2015",111,"mug",8,"MH",1988,"M","Caucasian","Israel","Hebrew","College","Social Studies",FALSE,"",4,3,5,2,2,2,5,2,3,4,3,1,3,3,5,4,4,2,2,3,2,5,1,4,2,4,2,4,2,3,2,5,4,3,4,4,3,5,2,5,2,3,4,4,"000","000","0","0","0","0","0","000","000","000","000",0,1,27,3
"8B12","8_thursday_10.00","MH",5.115,9.075,"10-08-2015",121,"mug",8,"MH",1993,"F","Caucasian","United States","English","College","East Asian Studies",FALSE,"",3,4,5,2,4,4,4,2,3,5,4,2,5,4,5,3,2,1,4,5,3,2,2,4,4,5,4,4,2,4,3,4,5,5,2,4,2,5,1,5,1,2,1,5,"000","000","0","0","0","0","0","000","000","000","000",1,1,22,3
"8B8","8_thursday_10.00","ML",2.805,0.825,"10-08-2015",81,"mug",1,"ML",1995,"M","Caucasian","United States","English","College","Economics",FALSE,"",3,1,5,1,4,4,4,2,4,5,4,2,5,3,4,3,5,2,2,5,4,4,2,4,4,3,2,5,2,5,4,4,3,5,2,3,2,4,2,5,1,4,3,3,"000","000","0","0","0","0","0","000","000","000","000",0,0,20,3
"8B9","8_thursday_10.00","MH",7.755,9.57,"10-08-2015",91,"mug",8,"MH",1988,"M","Caucasian","United States","English","Graduate School","Intl Affairs",FALSE,"",4,5,5,4,4,3,3,3,3,4,4,4,5,5,5,5,5,3,3,5,2,5,4,4,4,5,4,5,4,4,3,4,5,4,3,4,4,4,5,5,2,3,4,3,"000","000","0","0","0","0","0","000","000","000","000",0,1,27,3
"8C2","8_thursday_10.00","MH",0.825,4.125,"10-08-2015",141,"mug",8,"MH",1997,"F","Asian","United States","English","College","Environmental Science and Public Policy",FALSE,"",3,2,4,1,4,2,4,2,5,3,2,1,3,2,2,3,5,2,3,4,2,5,4,4,4,1,1,3,2,3,3,5,4,3,3,4,1,3,2,2,4,5,2,2,"000","000","0","0","0","0","0","000","000","000","000",1,1,18,3
"8C3","8_thursday_10.00","MH",5.115,5.445,"10-08-2015",151,"mug",8,"MH",1996,"F","Caucasian","United States","English","College","Life Sciences",FALSE,"",2,4,4,1,2,4,3,3,4,3,2,1,5,3,3,2,4,3,2,2,4,4,2,4,3,2,2,5,2,3,3,4,4,4,3,2,3,3,2,2,4,4,3,1,"000","000","0","0","0","0","0","000","000","000","000",1,1,19,3
"8C4","8_thursday_10.00","MH",0.825,1.815,"10-08-2015",161,"mug",8,"MH",1988,"F","African/African American","United States","English","Graduate School","JD",FALSE,"",4,4,4,2,2,1,4,4,2,2,3,1,4,4,2,3,2,1,4,2,1,3,4,4,2,5,4,2,4,2,4,2,4,2,4,4,4,5,1,4,4,4,2,1,"000","000","0","0","0","0","0","000","000","000","000",1,1,27,3
"8C5","8_thursday_10.00","ML",6.105,5.115,"10-08-2015",171,"mug",1,"ML",1994,"F","Caucasian","United States","English","College","Anthropology",FALSE,"",5,3,5,1,5,2,4,5,5,4,5,1,5,3,3,5,3,4,2,5,3,4,1,5,4,4,4,2,3,4,4,4,5,5,4,5,2,5,2,4,2,4,5,2,"000","000","0","0","0","0","0","000","000","000","000",1,0,21,3
"8C6","8_thursday_10.00","ML",1.155,4.125,"10-08-2015",181,"mug",1,"ML",1991,"F","Caucasian","United States","English","Graduate School","biostatistics",FALSE,"",4,4,5,2,3,2,4,1,2,4,3,1,5,4,4,2,1,1,4,2,2,5,3,3,5,5,1,5,4,1,2,4,5,4,3,3,3,5,2,4,5,5,3,1,"000","000","0","0","0","0","0","000","000","000","000",1,0,24,3
"9B10","9_thursday_11.30","ML",5.115,0,"10-08-2015",101,"mug",1,"ML",1993,"M","Caucasian","United States","English","College","Biology",FALSE,"",4,2,4,1,5,2,4,3,5,5,4,1,3,2,5,3,4,3,1,4,3,4,2,5,4,2,2,3,2,5,4,4,4,5,1,4,2,4,1,5,1,4,4,5,"000","000","0","0","0","0","0","000","000","000","000",0,0,22,3
"9B7","9_thursday_11.30","MH",0.825,0.825,"10-08-2015",71,"mug",8,"MH",1992,"M","African/African American","United States","English","College","Electrical Engineering",FALSE,"",4,4,4,2,4,3,4,4,4,5,4,1,4,4,3,4,4,2,2,5,3,4,4,4,4,2,2,4,2,5,4,4,3,4,4,4,3,3,3,4,2,4,4,4,"000","000","0","0","0","0","0","000","000","000","000",0,1,23,3
"9B8","9_thursday_11.30","MH",5.115,6.105,"10-08-2015",81,"mug",8,"MH",1997,"F","African/African American","United States","English","College","Human Evolutionary Biology",FALSE,"",5,4,4,2,4,2,3,4,3,4,2,2,5,5,5,2,1,2,5,5,1,2,4,4,5,5,5,3,4,5,4,2,5,4,2,4,5,4,5,5,2,4,2,4,"000","000","0","0","0","0","0","000","000","000","000",1,1,18,3
"9B9","9_thursday_11.30","MH",1.815,1.815,"10-08-2015",91,"mug",8,"MH",1990,"F","Asian","United States","English","Graduate School","Public policy",FALSE,"",4,3,4,2,4,2,4,4,4,4,4,2,5,3,4,4,4,2,2,3,2,4,2,4,3,3,2,4,2,4,3,4,4,4,4,4,2,4,3,5,2,4,3,3,"000","000","0","0","0","0","0","000","000","000","000",1,1,25,3
"9C2","9_thursday_11.30","ML",2.145,1.155,"10-08-2015",141,"mug",1,"ML",1995,"F","Other","United States","English","College","Anthropology",FALSE,"",4,3,3,4,4,3,4,4,3,5,3,2,4,3,3,4,3,3,4,4,3,3,3,2,4,4,3,3,4,4,4,4,4,4,3,3,3,3,4,4,2,4,4,3,"000","000","0","0","0","0","0","000","000","000","000",1,0,20,3
"9C5","9_thursday_11.30","MH",3.135,4.125,"10-08-2015",171,"mug",8,"MH",1993,"M","Hispanic","United States","English","Graduate School","Master in Public Policy",FALSE,"",4,4,5,2,4,4,4,2,4,5,4,1,4,4,5,4,3,2,2,5,4,4,1,4,4,3,4,4,4,4,4,4,4,5,3,3,2,5,3,5,4,5,4,4,"000","000","0","0","0","0","0","000","000","000","000",0,1,22,3
"9C6","9_thursday_11.30","MH",3.135,4.125,"10-08-2015",181,"mug",8,"MH",1996,"M","Asian","United States","English","College","Molecular and Cellular Biology",FALSE,"",2,2,4,2,4,4,4,4,4,4,3,2,4,4,4,3,4,3,4,2,4,4,2,4,2,4,4,3,2,3,4,4,4,4,4,2,4,3,2,3,2,4,4,3,"000","000","0","0","0","0","0","000","000","000","000",0,1,19,3
