"paper","experiment","k","Q","p0","p25","p33","p67","mdh0","mdh25","mdh33","mdh67","mdh0scale","mdh25scale","mdh33scale","mdh67scale","mdh0ratio","mdh25ratio","mdh33ratio","mdh67ratio","mdh0ratioub","mdh25ratioub","mdh33ratioub","mdh67ratioub","t1","t195","t2","t295","v1","v2","replicated"
"alogna","RR1",2,3.00617996501599,0.0829475602448848,0.121379406018542,0.134153039713087,0.184863998293303,7.849,9.139,9.53133333333333,10.9426666666667,0.311943612981532,0.336603224532021,0.343752418554204,0.368324424027409,1.39235784080011,1.50242582124451,1.53433619202289,1.64401314343663,0.689764794179572,0.744291738081699,0.760099923080674,0.814433153807242,-0.224039829302987,0.452246353559648,-0.0309868886193424,0.193141403333835,0.0121644178033569,0.00023318923957494,1
"alogna","RR2",2,0.822594663772556,0.364422637747578,0.421733129947402,0.439705620466277,0.506357577413602,7.849,9.139,9.53133333333333,10.9426666666667,0.294254033639872,0.317515257350688,0.324259037606981,0.347437623172506,1.17701613455949,1.27006102940275,1.29703615042792,1.38975049269003,0.650649875502119,0.702084726281404,0.716996466759158,0.768248589375706,-0.25,0.452246353559648,-0.154740520480937,0.193141403333835,0.010647539444027,0.000383857716545704,1
"cheung","Exit",2,6.12463392367288,0.0133310890284771,0.025611336536748,0.030020361051343,0.0491267763441932,7.849,9.139,9.53133333333333,10.9426666666667,0.622394521751907,0.671595744341013,0.68585992225387,0.734886351898661,1.03883183094436,1.12095304885462,1.14476123086821,1.22659070380316,0.607885401619497,0.6559396564506,0.669871311078475,0.717754847698794,-0.599129236525334,1.02386818320321,-0.0493369219883742,0.145216531753959,0.0469604260789856,0.00239298718471492,0
"cheung","Neglect",2,3.31620087083994,0.0686001845347184,0.103385601574453,0.115039738476767,0.16173292149916,7.849,9.139,9.53133333333333,10.9426666666667,0.616766923347881,0.665523275823189,0.679658479167582,0.728241619150299,1.3784463524171,1.48741460879171,1.51900615294422,1.62758728718311,0.602388992514938,0.650008747943583,0.663814434628924,0.711265015455377,-0.447436291057961,1.02386818320321,-0.0465378893571133,0.145216531753959,0.0460685350255938,0.00239642073131928,0
"cheung","Voice",2,2.08879841431021,0.148382736953905,0.198132529675471,0.214276077938778,0.27660547902213,7.849,9.139,9.53133333333333,10.9426666666667,0.613728234950998,0.662244374540478,0.67630993653939,0.724653717019901,1.79801586761139,1.94015172490024,1.98135905775651,2.1229899612316,0.599421141333767,0.646806283664975,0.660543952468109,0.707760753686862,0.341336384181257,1.02386818320321,0.0247317963953318,0.145216531753959,0.0455983737481232,0.00239020395299388,1
"cheung","Loyalty",2,0.876291146605723,0.349219520626489,0.406866891818919,0.424971699112665,0.492232251646252,7.849,9.139,9.53133333333333,10.9426666666667,0.611138954116971,0.659450407164059,0.673456627441294,0.721596448551657,2.88273668110215,3.11062134935639,3.17668855826982,3.4037636402977,0.596892221228127,0.644077448623264,0.657757159065497,0.704774755568746,0.211999576001272,1.02386818320321,0.00779897590499716,0.145216531753959,0.0451963135967681,0.00238819668978879,1
"eerland","Imagery",2,7.19655427393163,0.00730436978361193,0.0152608832591534,0.0181901541478101,0.0312440759098542,7.849,9.139,9.53133333333333,10.9426666666667,0.851306185577182,0.918603219314187,0.938113646326314,1.00517159968987,1.15966021584745,1.2513330992254,1.27791045339418,1.3692576584179,0.628768041524198,0.678473100432604,0.692883348107944,0.742411824136155,0.734099673286689,1.35392725036331,-0.0810566972533538,0.290889638333227,0.0889468992741627,0.00338616501453284,0
"eerland","Intention_attribution",2,4.83952154643656,0.0278146111157522,0.0480437979653232,0.0550849032808447,0.0845509700982988,7.849,9.139,9.53133333333333,10.9426666666667,0.847271089645192,0.914249142982821,0.933667092757026,1.00040719893539,1.25609224647021,1.355388226835,1.3841756320136,1.48311885210429,0.625787751459937,0.675257213958499,0.689599158674505,0.738892875275937,0.674529352462876,1.35392725036331,0.00923101661754357,0.290889638333227,0.088072810909729,0.00338703102536476,0
"eerland","Intentionality",2,9.59532152021904,0.00195073763569231,0.00485402118415779,0.005981986742572,0.0113155949992185,7.849,9.139,9.53133333333333,10.9426666666667,0.853840577178898,0.921337958381966,0.940906469151974,1.00816405822442,1.11227096944944,1.20019766165946,1.22568893839962,1.31330326102599,0.630639923193642,0.680492957162015,0.694946105043304,0.744622030433235,0.767655185320116,1.35392725036331,-0.176404367748559,0.290889638333227,0.0894718175369673,0.00341182767098206,0
"hagger","RTV",2,4.9982802422133,0.0253725174990388,0.0444224599516364,0.0510789488505419,0.0790582087973507,7.849,9.139,9.53133333333333,10.9426666666667,0.847283508750261,0.914262543836815,0.933680778234869,1.00042186267439,1.24600515992685,1.34450374093649,1.37305996799245,1.47120862157998,0.668094393113385,0.720908259234154,0.736219797097834,0.788846035946878,0.68,1.26820927923349,0.00386737812693202,0.154058169323911,0.0900640764724021,0.00139844667706334,0
"hagger","RT",2,0.498828337049861,0.480015393578065,0.532142154011547,0.54834355527715,0.607789644468088,7.849,9.139,9.53133333333333,10.9426666666667,0.828359044015047,0.893842071715167,0.912826590965586,0.978076982755214,2.85641049660361,3.08221404039713,3.14767789988133,3.37267925088005,0.65317219924121,0.704806443503874,0.719775991165514,0.771226798897393,0.29,1.26820927923349,0.0811728256930866,0.154058169323911,0.0860396083872957,0.00138282833095151,1
"manylabs","Allowedforbidden",2,13.5728485363421,0.000229480864594289,0.000740249871039933,0.000955824945179207,0.00207112881564797,7.849,9.139,9.53133333333333,10.9426666666667,0.34992167811221,0.377583512803638,0.385603096681254,0.413166659555919,0.381372642039959,0.411520722710056,0.420261106866783,0.450302083048243,0.128716821626944,0.138892079876331,0.141842041002107,0.151981150488212,0.91753219696222,2.71853883345859,1.37768194148473,2.49186720657817,0.00854832584253234,0.00705177363674716,1
"manylabs","Anchoring1",2,1.626356190758,0.202207780233599,0.257010409968419,0.274575676357737,0.341421395096991,7.849,9.139,9.53133333333333,10.9426666666667,0.502975639461364,0.542736619883201,0.554263928939385,0.593883653951884,0.540834020926198,0.58358776331527,0.595982719289661,0.63858457414181,0.185016904401349,0.199642768829871,0.203883027940504,0.218456932320636,0.93,2.71853883345859,1.1589536758397,2.49186720657817,0.0313487777769949,0.000882652200272042,1
"manylabs","Anchoring2",2,22.7310253798235,1.86334957841261e-06,9.94371523355131e-06,1.39710358002532e-05,3.88902777030964e-05,7.849,9.139,9.53133333333333,10.9426666666667,0.50452223768854,0.544405479025234,0.555968233368131,0.595709784949668,0.542497029772624,0.585382235511005,0.597815304696915,0.640548155859858,0.185585812304426,0.200256649757925,0.20450994722809,0.219128664861407,0.93,2.71853883345859,1.7885837453116,2.49186720657817,0.0313487777769949,0.00108117359544134,1
"manylabs","Anchoring3",2,49.9890654450993,1.54609658409299e-12,2.51265674933165e-11,4.20976586923416e-11,2.00296113028742e-10,7.849,9.139,9.53133333333333,10.9426666666667,0.505324095417868,0.545270724813497,0.556851856312542,0.596656570759718,0.543359242384805,0.586312607326341,0.598765436895206,0.641566205117977,0.185880771390336,0.200574925802987,0.204834983211956,0.219476934968274,0.93,2.71853883345859,2.20526473861266,2.49186720657817,0.0313487777769949,0.00118433999722946,1
"manylabs","Anchoring4",2,68.311505048638,1.11022302462516e-16,3.99680288865056e-15,7.43849426498855e-15,4.71844785465692e-14,7.849,9.139,9.53133333333333,10.9426666666667,0.505879815337962,0.545870375228687,0.557464242842098,0.597312731716286,0.543956790685981,0.586957392719018,0.599423917034514,0.64227175453364,0.186085189996852,0.20079550400765,0.205060246328311,0.219718300273963,0.93,2.71853883345859,2.42240643766673,2.49186720657817,0.0313487777769949,0.00125593461520417,1
"manylabs","Flagpriming",2,3.67476204846707,0.0552421384449809,0.086071524748238,0.0964949953938345,0.138697233856672,7.849,9.139,9.53133333333333,10.9426666666667,0.704011306787597,0.759664458928147,0.775799148713678,0.831254586695694,1.40802261357519,1.51932891785629,1.55159829742736,1.66250917339139,0.258966801622597,0.279438516595212,0.285373576115772,0.305772562990447,0.5,2.71853883345859,0.0182884262841459,2.49186720657817,0.0625,0.000645868274274421,0
"manylabs","Gainloss",2,13.7607007028618,0.000207634639247112,0.000677527920460275,0.000876592607074622,0.00191063652940326,7.849,9.139,9.53133333333333,10.9426666666667,0.756935789051386,0.816772701076172,0.83412032607333,0.893744660656314,0.344127765495461,0.371331582684557,0.379218380367101,0.40632555289875,0.278434789945006,0.300445478660701,0.306826709924957,0.328759203163292,-2.19957778751616,2.71853883345859,-1.19733682274103,2.49186720657817,0.0701063533958936,0.00289043457032427,1
"manylabs","Gamblersfallacy",2,0.0493356865344854,0.824223286462529,0.844560614623215,0.850802749221243,0.873363463492362,7.849,9.139,9.53133333333333,10.9426666666667,0.754628196806563,0.814282690195396,0.831577429273446,0.891019993283448,1.09366405334284,1.18011984086289,1.20518468010644,1.2913333235992,0.277585954454256,0.299529541448354,0.305891318909538,0.327756948812782,0.69,2.71853883345859,0.630171729007084,2.49186720657817,0.0718313559322034,0.000721034871150528,1
"manylabs","IAT",2,0.660033587971354,0.416548085711598,0.472047432392001,0.489374194012971,0.553289377991708,7.849,9.139,9.53133333333333,10.9426666666667,0.184739458627841,0.199343390550883,0.203577291096754,0.218129340889128,0.412648537207019,0.445269024407073,0.4547261965776,0.487230795783359,0.0679554238306799,0.0733274022417672,0.0748848199596096,0.0802377138058455,0.447692023527421,2.71853883345859,0.394120312150452,2.49186720657817,0.00416666666666667,0.000181488203266788,1
"manylabs","Imaginedcontact",2,3.17296428945178,0.0748664519340622,0.111313272412976,0.123479272005299,0.172017693527278,7.849,9.139,9.53133333333333,10.9426666666667,1.13671467592245,1.22657367987535,1.2526251629891,1.3421649326009,1.32176125107262,1.42624846497134,1.45654088719663,1.56065689837315,0.418134426454485,0.451188581446479,0.460771480463084,0.493708206806584,0.86,2.71853883345859,0.13726864804912,2.49186720657817,0.163983838383838,0.00063843890721716,0
"manylabs","Mathartgender",2,3.13947904858514,0.0764182125729386,0.113259433748437,0.125546506748865,0.174519391245267,7.849,9.139,9.53133333333333,10.9426666666667,0.67446018119292,0.727777272431054,0.74323470286054,0.796362379062434,0.667782357616752,0.72057155686243,0.735875943426277,0.788477603032112,0.248096577798322,0.267708985236439,0.273394918517672,0.292937650645689,1.01,2.71853883345859,0.583442143962418,2.49186720657817,0.0570973547549497,0.000858631487219528,1
"manylabs","Moneypriming",2,4.61988762468124,0.031603308583899,0.0535654693219276,0.0611685372795081,0.0927920470166957,7.849,9.139,9.53133333333333,10.9426666666667,1.06548523752578,1.14971344729433,1.17413247808658,1.25806145755138,1.33185654690723,1.43714180911791,1.46766559760823,1.57257682193923,0.391933057719189,0.422915955124184,0.431898365267352,0.462771192402224,0.8,2.71853883345859,-0.0174401748359549,2.49186720657817,0.144,0.000637379460488692,0
"manylabs","Reciprocity",2,11.6465784985052,0.000643207307479798,0.00183717858079457,0.00232174563305132,0.00472462305632748,7.849,9.139,9.53133333333333,10.9426666666667,0.175548203089423,0.189425552444955,0.193448805725047,0.207276854217195,1.09717626930889,1.18390970278097,1.20905503578154,1.29548033885747,0.0645744695381401,0.0696791784298194,0.0711591106752506,0.0762456845074722,0.16,2.71853883345859,0.373839732731997,2.49186720657817,0.00286989795918367,0.00105635654558449,1
"manylabs","Scales",2,0.0455604201106201,0.830976865893538,0.850556001613633,0.856564786265479,0.878279331515701,7.849,9.139,9.53133333333333,10.9426666666667,1.04571112651737,1.12837616308431,1.15234200634417,1.23471336595812,4.90402459332285,5.29169510963679,5.40408665044162,5.79037992311394,0.384659256526784,0.415067149012827,0.423882856541037,0.454182721527389,0.213235294117647,2.71853883345859,0.133564632364844,2.49186720657817,0.139258995188149,5.96135673909631e-05,1
"manylabs","Sunkcosts",2,0.172209850936941,0.678155264794053,0.713977166093472,0.725009965929175,0.765051448802436,7.849,9.139,9.53133333333333,10.9426666666667,0.391679485017881,0.422642337119643,0.431618935826497,0.462471788871356,1.71854927681317,1.85440318063744,1.89378928025713,2.02916054762245,0.144077208019713,0.155466727904691,0.158768721827446,0.17011777914645,0.227912862495395,2.71853883345859,0.285929513543448,2.49186720657817,0.018901277635894,0.000644246505254263,1
"ppir","Bad Tipper",2,4.34689252754094e-05,0.994739507975148,0.99535762367376,0.995547078883572,0.996230674549945,7.849,9.139,9.53133333333333,10.9426666666667,0.661458323993745,0.713747598874615,0.728907049810701,0.781010561089946,1.03246047153059,1.11407802390114,1.13774018566382,1.21906778238824,0.234110175659219,0.252616936982506,0.257982326747527,0.276423340694403,0.640662129188497,2.82541466696686,0.64221875695516,2.09928186132307,0.054622061632738,0.00112097752901697,1
"ppir","Belief-Act Inconsistency",2,0.00565947302382099,0.940032137817006,0.947066076420837,0.949222350869497,0.957004144292275,7.849,9.139,9.53133333333333,10.9426666666667,0.512718541876277,0.553249713380501,0.565000312469899,0.605387492373286,1.37157924526143,1.48000464649207,1.51143880873521,1.61947901638483,0.181466652619415,0.195811864307488,0.199970757947695,0.214265006638187,0.373816200301683,2.82541466696686,0.360048549060051,2.09928186132307,0.0323005498079682,0.00119165342604066,1
"ppir","Bigot-Misanthrope",2,4.01450759271159,0.0451103941859189,0.0724855899659281,0.0818208292908716,0.119989041279692,7.849,9.139,9.53133333333333,10.9426666666667,0.431104102659637,0.465183530052939,0.475063671031671,0.509022027379557,0.476430681512024,0.514093243102976,0.525012188830683,0.562540949884077,0.152580825639457,0.16464256928075,0.168139451028497,0.180158343952395,0.904862174894915,2.82541466696686,1.21317467515595,2.09928186132307,0.0222222222222222,0.0014560485549431,1
"ppir","Burn in Hell",2,0.0107218963515993,0.917529174520837,0.927187279808672,0.930148422279446,0.94083674811658,7.849,9.139,9.53133333333333,10.9426666666667,0.46357075739312,0.500216722650171,0.510840941738797,0.547356718032496,1.70966268561448,1.84481409104529,1.88399652576521,2.01866779044259,0.164071760089917,0.17704187937382,0.180802112946909,0.193726154405538,0.271147496692603,2.82541466696686,0.288280940718201,2.09928186132307,0.0262127304057229,0.00116627929105768,1
"ppir","Cold-Hearted Prosociality",2,0.740909896745829,0.389369561574714,0.445933552146042,0.463632123287797,0.529092763843161,7.849,9.139,9.53133333333333,10.9426666666667,0.811491134718795,0.875640728831547,0.894238665535349,0.958160360912226,0.358427534879505,0.386761770335228,0.394976293355124,0.423209868213821,0.287211340765759,0.309915829017609,0.316498203251465,0.339122031224121,2.26403123574644,2.82541466696686,2.01470997571385,2.09928186132307,0.0820364839777222,0.00186182940324315,1
"ppir","Higher Standards - Charity",2,0.0249361867096333,0.874526174598098,0.889155034491788,0.893641988445491,0.909845595307267,7.849,9.139,9.53133333333333,10.9426666666667,0.688580218561659,0.743013519980419,0.758794556608426,0.81303447752721,0.747833569071182,0.806950936923181,0.824089955191549,0.882997301864333,0.243709437277347,0.262975034662101,0.268560422468184,0.287757576625033,0.920766661246409,2.82541466696686,0.881954985161369,2.09928186132307,0.058994891463797,0.00141314999300278,0
"ppir","Higher Standards - Company",2,9.47410168788738,0.0020839290578375,0.00514177340641631,0.00632664971100316,0.011913162602698,7.849,9.139,9.53133333333333,10.9426666666667,0.604499498101356,0.652286092169327,0.666140147897323,0.713756974649842,1.75490227126346,1.89362993394841,1.93384917968746,2.07208399655797,0.213950718515345,0.230863844445732,0.235767215228778,0.252620255353906,0.344463340209902,2.82541466696686,1.00860053122886,2.09928186132307,0.0451036388486031,0.00145256489770737,1
"ppir","Intuitive Economics",2,5.10792641144509,0.0238167693373132,0.0420872109601296,0.0484884351986004,0.0754761815444858,7.849,9.139,9.53133333333333,10.9426666666667,0.418114556468122,0.451167140707823,0.460749584339603,0.493684745511087,0.493597558110069,0.532617187103032,0.543929567177355,0.582810574496326,0.147983431018632,0.159681743703893,0.163073261325647,0.174730014423358,0.847075820368799,2.82541466696686,0.509780404365369,2.09928186132307,0.0210604350243459,0.00121243825002467,1
"ppir","Moral Cliff",2,0.000273107405836319,0.986814790576104,0.988363961117342,0.988838791846859,0.990552097928721,7.849,9.139,9.53133333333333,10.9426666666667,0.566472019311428,0.611252484014411,0.624235017413595,0.668856394417914,0.798224810826892,0.861325682092748,0.879619578195885,0.942496276433165,0.200491639664186,0.216340805178378,0.220935717759165,0.236728577308599,0.709664760638812,2.82541466696686,0.713006234259124,2.09928186132307,0.0397398265631407,0.00114315836013186,1
"ppir","Moral Inversion",2,1.05098001026105,0.305281489640743,0.363339366773754,0.381660465730927,0.450112098344297,7.849,9.139,9.53133333333333,10.9426666666667,0.771613622747966,0.832610839591628,0.850294854489253,0.911075371776156,0.954129900237303,1.0295553031929,1.05142226727005,1.12657971289522,0.273097479024666,0.294686245288537,0.300945154858299,0.322457224572354,0.808709194163244,2.82541466696686,0.526357791340611,2.09928186132307,0.0746035393165876,0.00125167571847929,1
"ppir","Presumption of Guilt",2,0.44693796435007,0.503792664468196,0.554377201984526,0.570076633182517,0.627581611501438,7.849,9.139,9.53133333333333,10.9426666666667,0.636693308722727,0.687024871917218,0.701616752652258,0.751769507238756,21.4575453214558,23.1537965362079,23.6455653955753,25.3357904847858,0.2253450851539,0.243158952896196,0.248323462341709,0.26607404429092,0.0296722341341666,2.82541466696686,0.18160335591699,2.09928186132307,0.0506465980554466,0.00100053780546479,0
"rand","time/delay",2,2.78743874102731,0.0950059669006973,0.136108554638804,0.149692730226491,0.203269718575686,7.849,9.139,9.53133333333333,10.9426666666667,0.483168073711529,0.521363236284162,0.532436591084641,0.570496060994098,1.77693399064482,1.91740329386712,1.95812746751604,2.09809773754761,0.800561335273705,0.863846912309574,0.882194357406545,0.945255105225564,0.271911098698829,0.603536609154797,-0.0160234187644587,0.0814797770110887,0.0286275195713196,0.00111529957176988,0
"rpe","Abeler et al.",2,0.884311304346445,0.347023560657117,0.404711780690497,0.422833403337793,0.490174043711446,7.849,9.139,9.53133333333333,10.9426666666667,0.303319848349775,0.327297738342032,0.334249290982926,0.358141996791343,1.66675111068009,1.79851029160343,1.83670926917841,1.96800036061207,0.208162547006478,0.224618109277741,0.22938882544172,0.245785927454712,0.181982688600706,1.45712978973271,0.0801713250375897,1.10403509368271,0.00854700854700855,0.00317460317460317,0
"rpe","Ambrus and Greiner",2,0.6430529245169,0.422607446340839,0.477836227574733,0.495070435174116,0.558608623578791,7.849,9.139,9.53133333333333,10.9426666666667,0.301700503110557,0.325550381427296,0.332464821549059,0.356229970458008,0.941209870288183,1.01561392545365,1.03718478537275,1.11132451166208,0.207051221680054,0.223418932013609,0.228164178573307,0.244473740752602,0.320545409301946,1.45712978973271,0.234189466759367,1.10403509368271,0.0087719298245614,0.00282485875706215,1
"rpe","Bartling et al.",2,1.75911372062283,0.184735100605079,0.238213823677703,0.255415818190103,0.321153125723888,7.849,9.139,9.53133333333333,10.9426666666667,0.242560837020272,0.261735635828015,0.267294699754557,0.286401377906677,0.267241973985537,0.288367853773494,0.294492565559168,0.31554339325421,0.166464812351937,0.179624106014624,0.183439184098754,0.196551727872651,0.907644983319124,1.45712978973271,0.792813631870191,1.10403509368271,0.00469483568075117,0.00280112044817927,1
"rpe","Charness and Dufwenberg",2,0.0530616723711632,0.81781888327446,0.838872547433891,0.845335224071126,0.868695987094333,7.849,9.139,9.53133333333333,10.9426666666667,0.281846725737731,0.304127133106998,0.310586559884668,0.332787813570354,0.704511753930291,0.760204467169791,0.77635062631572,0.83184548485138,0.193425958156708,0.208716570925907,0.213149550625577,0.22838584175223,0.400059650056057,1.45712978973271,0.37688590118819,1.10403509368271,0.00628930817610063,0.00383141762452107,1
"rpe","Chen and Chen",2,53.5904909914899,2.46913600676635e-13,4.53714843473563e-12,7.74802444425404e-12,3.90915078085641e-11,7.849,9.139,9.53133333333333,10.9426666666667,0.401650744002924,0.43340183911723,0.442606961384635,0.474245257119003,0.328905547153096,0.354906025098693,0.362443956550775,0.388352064838577,0.275645139391874,0.297435302037667,0.303752599461868,0.32546535007427,1.2211735176846,1.45712978973271,0.171666663500579,1.10403509368271,0.0144927536231884,0.00606060606060606,0
"rpe","de Clippel et al.",2,1.88059270715722,0.170266797997368,0.222430843458621,0.239264446902986,0.303838972201591,7.849,9.139,9.53133333333333,10.9426666666667,0.319279443861002,0.344518963870454,0.351836282117942,0.376986135859294,2.64784143969569,2.85715728599914,2.91784111283383,3.12641334076476,0.219115308815126,0.23643670337263,0.241458437400063,0.258718295731534,0.120581028408444,1.45712978973271,0.2768638226551,1.10403509368271,0.00645161290322581,0.0065359477124183,1
"rpe","Duffy and Puzzello",2,41.0807551517481,1.46067491435531e-10,1.71893133060763e-09,2.73849209975197e-09,1.11636846433782e-08,7.849,9.139,9.53133333333333,10.9426666666667,0.48815961554258,0.526749367000734,0.537937119081795,0.576389776054837,0.490014279239224,0.52875064465071,0.53998090233234,0.578579652395954,0.335014505215851,0.361497905479895,0.369175843409579,0.395565158379315,0.996215082345103,1.45712978973271,-0.120581028408444,1.10403509368271,0.0196078431372549,0.010752688172043,0
"rpe","Dulleck et al.",2,0.0316107843190164,0.858884587566487,0.875302685860339,0.880339379695766,0.898532368738813,7.849,9.139,9.53133333333333,10.9426666666667,0.332207310229165,0.358468797509461,0.366082399511808,0.392250589868933,0.366010187170685,0.394943842689014,0.403332146642952,0.432163012056245,0.227987453533638,0.24601020446862,0.251235272308146,0.269193995368722,0.907644983319124,1.45712978973271,0.928727364246725,1.10403509368271,0.00606060606060606,0.008,1
"rpe","Ericson and Fuster",2,0.657672369123218,0.417382889132134,0.472845654226406,0.490159866292235,0.554023787151253,7.849,9.139,9.53133333333333,10.9426666666667,0.319865899428098,0.345151779631747,0.352482538400085,0.377678587635766,1.50051076086239,1.61912839222381,1.65351743599761,1.77171366472019,0.219517781931267,0.236870992593639,0.24190195059065,0.259193511996654,0.21317134656486,1.45712978973271,0.120581028408444,1.10403509368271,0.00917431192660551,0.00386100386100386,0
"rpe","Fehr et al.",2,0.974749432927925,0.323498533563732,0.381493591138673,0.399756786206896,0.467823603039118,7.849,9.139,9.53133333333333,10.9426666666667,0.465816039514306,0.502639497698365,0.513315174668644,0.550007813325522,0.961039347585021,1.03701095274042,1.059036269089,1.13473797646848,0.319680541017389,0.344951768360022,0.352278279042531,0.377459727473154,0.484700278594052,1.45712978973271,0.320545409301946,1.10403509368271,0.0175438596491228,0.0101010101010101,1
"rpe","Friedman and Oprea",2,2.02583337602968,0.154644067937564,0.205140903316866,0.221499536695979,0.284536293804881,7.849,9.139,9.53133333333333,10.9426666666667,0.562839647207327,0.607332967434942,0.620232253311651,0.664567505954038,0.742362355797325,0.80104721601516,0.818060843784721,0.876537219355948,0.386265966953138,0.416800872313749,0.4256534027936,0.456079829426825,0.758173744684044,1.45712978973271,0.472230804420426,1.10403509368271,0.0133333333333333,0.027027027027027,1
"rpe","Fudenberg et al.",2,0.0682141299058246,0.79395497392284,0.817653333833738,0.824930931115386,0.851250919990532,7.849,9.139,9.53133333333333,10.9426666666667,0.357295072167307,0.385539784743202,0.393728353727447,0.421872723746538,1.15435360899739,1.24560699712644,1.27206273328353,1.36299193336296,0.245204699461157,0.264588499569366,0.270208156131151,0.289523093082824,0.309519604203112,1.45712978973271,0.342828254415394,1.10403509368271,0.00826446280991736,0.008,1
"rpe","Huck et al.",2,42.8749467865879,5.83532111519958e-11,7.34654781453514e-10,1.18282328376296e-09,4.98034857798757e-09,7.849,9.139,9.53133333333333,10.9426666666667,0.342168234438439,0.369217147751718,0.377059036459895,0.404011855429381,0.287987333081813,0.310753164692794,0.317353323293428,0.340038276695949,0.234823443216548,0.253386589412496,0.258768326004139,0.277265524509997,1.1881364043926,1.45712978973271,0.388423099718296,1.10403509368271,0.00854700854700855,0.00636942675159236,0
"rpe","Ifcher and Zarghamee",2,3.4090070801666,0.0648414509781063,0.0985740444350188,0.10990228698877,0.155413629392328,7.849,9.139,9.53133333333333,10.9426666666667,0.451696140573606,0.487403399519983,0.497755473464267,0.533335878308323,1.57012265910075,1.69424321566537,1.73022764061079,1.85390724476832,0.309990327393186,0.334495528781545,0.34159995696442,0.366018100835175,0.287682072451781,1.45712978973271,-0.0100003333533348,1.10403509368271,0.0181818181818182,0.0078125,0
"rpe","Kessler and Roth",2,1.28686372647221,0.256626731356601,0.3139972792834,0.332218006002528,0.400813703358601,7.849,9.139,9.53133333333333,10.9426666666667,0.449402462275648,0.484928402504489,0.495227909412634,0.530627639694539,0.83834305876304,0.904615337837941,0.923828672988361,0.989865512247413,0.308416220327281,0.332796986185728,0.339865338628124,0.364159489040353,0.536060336610567,1.45712978973271,0.354092528962243,1.10403509368271,0.00350877192982456,0.0222222222222222,1
"rpe","Kirchler et al",2,3.12227761401493,0.0772287678734567,0.114273432225193,0.126622892144656,0.175819344367051,7.849,9.139,9.53133333333333,10.9426666666667,0.321334680664743,0.346736670233166,0.354101090860891,0.379412836969609,0.405309227474731,0.437349531207276,0.446638499423366,0.478564976329432,0.220525778093994,0.237958672368348,0.243012731848579,0.260383693781463,0.792813631870191,1.45712978973271,0.590145159841189,1.10403509368271,0.00854700854700855,0.00460829493087558,1
"rpe","Kogan et al.",2,0.0249499652388833,0.874491801268087,0.889124605506343,0.893612771007049,0.909820760677088,7.849,9.139,9.53133333333333,10.9426666666667,0.392468341315168,0.423493553693116,0.432488231586369,0.463403223365434,1.1833914151928,1.27694028555408,1.30406151669754,1.39727804404726,0.269343433975886,0.290635437335202,0.296808310854521,0.318024671948022,0.331647108705132,1.45712978973271,0.309519604203112,1.10403509368271,0.00813008130081301,0.0114942528735632,1
"rpe","Kuziemko et al.",2,5.0920361034584,0.0240359554092332,0.0424176249752122,0.0488553243587838,0.0759849854513004,7.849,9.139,9.53133333333333,10.9426666666667,0.506875800293402,0.546945094292117,0.558561788113192,0.598488731383489,1.76193043929896,1.90121368923255,1.94159400811051,2.08038243844271,0.347859060918919,0.375357842620489,0.383330154972436,0.410731244121551,0.287682072451781,1.45712978973271,-0.120581028408444,1.10403509368271,0.0256410256410256,0.00709219858156028,0
"rpp","A Roelofs",2,3.3290239350587,0.0680672580303274,0.102706064627378,0.114314890091619,0.160844076862995,7.849,9.139,9.53133333333333,10.9426666666667,0.82197720171944,0.886955735192279,0.905793993942751,0.970541683778272,1.20038701368268,1.29527941165403,1.32279015175382,1.41734543367884,0.37911157777506,0.409080917915963,0.417769482492312,0.447632353140655,0.684760158473966,2.16816697222354,0.149443120256283,2.13230798067981,0.0476190476190476,0.0384615384615385,0
"rpp","AL Morris",2,2.38840403408523,0.122238366640923,0.168313833832719,0.18338367913435,0.242105956259266,7.849,9.139,9.53133333333333,10.9426666666667,0.864594592583026,0.932942094870283,0.952757068588857,1.02086175859356,1.21652728049133,1.31269559081754,1.34057623718944,1.43640289864542,0.398767532048674,0.430290704923669,0.439429749089743,0.470840932304501,0.710707113969394,2.16816697222354,0.233772054589965,2.13230798067981,0.0476190476190476,0.0476190476190476,0
"rpp","B Liefooghe",2,5.65624382967334,0.0173933342234303,0.0321702450133665,0.0374166375927586,0.0598684955429345,7.849,9.139,9.53133333333333,10.9426666666667,0.792103465266073,0.854720434963137,0.8728740406892,0.9352685564731,1.74566830065826,1.88366600408546,1.9236736236052,2.06118107448132,0.365333240204162,0.394213382047135,0.402586171577937,0.431363713429297,0.453753708518042,2.16816697222354,-0.218663485593077,2.13230798067981,0.0454545454545455,0.0344827586206897,0
"rpp","BC Storm",2,7.16979663394218,0.00741411793984237,0.0154585171635556,0.0184183133573469,0.0315992190819624,7.849,9.139,9.53133333333333,10.9426666666667,0.250030292575188,0.269795563073366,0.275525813665639,0.295220865790295,1.07374074537024,1.15862156544438,1.18322979782588,1.26780906912388,0.115318744256478,0.124434864348423,0.127077765317621,0.13616149935516,0.232859089732106,2.16816697222354,-0.00610843397346169,2.13230798067981,0.00421940928270042,0.00374531835205993,0
"rpp","C Mitchell",2,2.3279252978835,0.127071138196964,0.173898774064641,0.18919030549663,0.248666290824401,7.849,9.139,9.53133333333333,10.9426666666667,0.667141210416517,0.71987972601218,0.735169418620004,0.787720574635261,1.33705710185082,1.44275347574778,1.47339645172829,1.5787173272245,0.307698262616895,0.332022272839032,0.339074170964822,0.363311767371599,0.498962392476004,2.16816697222354,0.135637524870972,2.13230798067981,0.0344827586206897,0.0222222222222222,0
"rpp","CJ Berry",2,0.865696092208241,0.35214957439965,0.409739320475022,0.427820772702626,0.494971334503253,7.849,9.139,9.53133333333333,10.9426666666667,0.802755926278778,0.866214989032722,0.884612730260922,0.947846347470254,1.17137674364162,1.26397583615514,1.29082171234835,1.38309183604424,0.370246358589035,0.399514889826214,0.408000279311384,0.437164830759414,0.685309769582024,2.16816697222354,0.418710420698763,2.13230798067981,0.0476190476190476,0.0344827586206897,1
"rpp","CP Beaman",2,6.25703323500643,0.0123701188262616,0.024017992633372,0.0282131157970671,0.0464564803990335,7.849,9.139,9.53133333333333,10.9426666666667,0.857321911015069,0.925094496891368,0.94474279365479,1.01227460970453,0.95509103804583,1.03059242039007,1.05248141204012,1.1277145671285,0.395413232466987,0.426671242917536,0.43573341248987,0.466880375299882,0.897633709106095,2.16816697222354,0.132176372921613,2.13230798067981,0.0103092783505155,0.0833333333333333,0
"rpp","CS Dodson",2,9.10606112218771,0.00254763880476105,0.00612516408728514,0.00750025752718153,0.0139264710202995,7.849,9.139,9.53133333333333,10.9426666666667,0.692575707855185,0.747324858709012,0.763197464861074,0.817752113123849,1.09082835462661,1.17705997590023,1.20205982596155,1.287985099584,0.319429138404835,0.344680491993014,0.352001240973792,0.377162886253734,0.634908053973584,2.16816697222354,-0.111068831072181,2.13230798067981,0.0277777777777778,0.0333333333333333,0
"rpp","D Ganor-Stern",2,0.483956933991494,0.486635433945665,0.53834683692807,0.554412510537322,0.613331477674746,7.849,9.139,9.53133333333333,10.9426666666667,0.735737959349378,0.793899151069559,0.810760959428446,0.868715526893971,0.851021850024413,0.91829640660853,0.937800317154381,1.0048358732177,0.339336392803203,0.366161444778114,0.373938432701509,0.400668185625515,0.864534746467758,2.16816697222354,1.04722667369848,2.13230798067981,0.0344827586206897,0.0344827586206897,1
"rpp","D Mirman",2,1.06495366026354,0.302088082869477,0.360140222132252,0.378466496997194,0.44696843936311,7.849,9.139,9.53133333333333,10.9426666666667,0.838933231468153,0.905252164582599,0.924479025444076,0.990562352998886,1.02995409974447,1.1113735196575,1.13497823982675,1.21610840798176,0.386932022402221,0.417519580447362,0.426387375736098,0.456866267999197,0.814534581372408,2.16816697222354,0.505515292648616,2.13230798067981,0.0526315789473684,0.037037037037037,1
"rpp","JR Schmidt",2,0.196690144194222,0.657405836040046,0.69524241238091,0.706903705099425,0.749261115187724,7.849,9.139,9.53133333333333,10.9426666666667,0.343738594829566,0.370911647492484,0.378789526074003,0.405866043373955,1.7389399633838,1.87640578163475,1.91625919960454,2.05323665488705,0.158538802238579,0.171071532886648,0.174704960884788,0.187193167580504,0.197671341200697,2.16816697222354,0.252085564199444,2.13230798067981,0.0108695652173913,0.00418410041841004,1
"rpp","K Oberauer",2,0.478665182123914,0.489027557145581,0.540586164402568,0.556602014774438,0.615327933116792,7.849,9.139,9.53133333333333,10.9426666666667,0.840660887617206,0.907116394547417,0.926382850221865,0.992602266398412,1.32688299626396,1.43177509181956,1.46218489535539,1.56670434980062,0.387728850400796,0.418379398897095,0.427265456069476,0.457807115002984,0.63356067564677,2.16816697222354,0.425959601340054,2.13230798067981,0.0344827586206897,0.0555555555555556,0
"rpp","L Sahakyan",2,2.14471005259313,0.143062062372239,0.192139009252026,0.208087802512152,0.2697717434857,7.849,9.139,9.53133333333333,10.9426666666667,0.398936373892813,0.430472893969407,0.439615807690915,0.471040290689819,1.75002516519081,1.88836728530897,1.92847475643194,2.06632540041952,0.18399707172169,0.198542316843772,0.202759203199222,0.217252774682178,0.227960364129573,2.16816697222354,0.0194244956568418,2.13230798067981,0.010752688172043,0.00952380952380952,0
"rpp","M Bassok",2,0.278372981643628,0.597769610386679,0.641052859782446,0.65442332932905,0.703122530310255,7.849,9.139,9.53133333333333,10.9426666666667,0.471816243078743,0.509114026374667,0.519927217362446,0.557092496037232,1.2377759467124,1.33562399604647,1.36399162413944,1.46149205713923,0.217610658737633,0.234813108444573,0.239800358562441,0.25694169460847,0.381180652550176,2.16816697222354,0.29232618593634,2.13230798067981,0.00662251655629139,0.0217391304347826,1
"rpp","M Reynolds",2,0.00220218223273761,0.96257107853774,0.966966062712365,0.968313226800364,0.97317444503946,7.849,9.139,9.53133333333333,10.9426666666667,1.03221853941991,1.11381696669341,1.13747358380147,1.21878212337292,6.35729170348035,6.85984516954619,7.00554301349109,7.50631110115804,0.476078896433576,0.513713648885239,0.524624532323239,0.562125583032478,0.162367653957866,2.16816697222354,0.145077808249329,2.13230798067981,0.0769230769230769,0.0588235294117647,1
"rpp","MJ Yap",2,6.2772155829575e-05,0.993678516044423,0.994421295398475,0.994648960696712,0.995470427224619,7.849,9.139,9.53133333333333,10.9426666666667,0.621354683737098,0.670473705567946,0.684714052238841,0.733658573152926,1.56195939899754,1.68543463757919,1.72123197508988,1.84426855383004,0.286580642403143,0.309235273001299,0.315803192747946,0.3383773401919,0.397804631884721,2.16816697222354,0.399561810599662,2.13230798067981,0.0344827586206897,0.0147058823529412,1
"rpp","N Janssen 1",2,1.39030450633214,0.238353682539666,0.295098664568819,0.313171237195905,0.38143447690118,7.849,9.139,9.53133333333333,10.9426666666667,0.599873615215718,0.647294526287498,0.661042564989028,0.708295007875829,1.68456883431767,1.81773653307992,1.85634386126064,1.98903846661323,0.276673163506649,0.298544593004142,0.304885450916681,0.326679179671041,0.356099200575972,2.16816697222354,0.103630490542844,2.13230798067981,0.0344827586206897,0.0113636363636364,0
"rpp","NB Turk-Browne",2,0.0176321699490964,0.894362483286122,0.906706874738719,0.910492359809992,0.924159381528479,7.849,9.139,9.53133333333333,10.9426666666667,1.49126903452507,1.60915609352646,1.64333333333333,1.76080158513736,1.57692865855168,1.70158723960433,1.73772764597897,1.86194336323131,0.687801748495282,0.742173510685023,0.757936706160611,0.812115306475492,0.945679455083732,2.16816697222354,0.874998612661069,2.13230798067981,0.2,0.0833333333333333,1
"rpp","PA White",2,0.735975894892583,0.390952999682325,0.447461913139167,0.465140847969386,0.530518267620599,7.849,9.139,9.53133333333333,10.9426666666667,0.674618472941272,0.727948077380073,0.743409135575521,0.796549280523511,0.923510042301052,0.996514899456013,1.01768011072846,1.0904256098175,0.311146918841507,0.335743550522557,0.342874485728895,0.367383735075818,0.730493922145522,2.16816697222354,0.523916497045395,2.13230798067981,0.0294117647058824,0.0285714285714286,1
"rpp","S Farrell",2,1.10850116927802,0.292407993252313,0.350410785848801,0.368743235805204,0.437364776742498,7.849,9.139,9.53133333333333,10.9426666666667,0.651360322916794,0.702851335632223,0.717779358303934,0.769087443334954,1.13878044923543,1.22880275567419,1.25490158264628,1.34460407459327,0.300419816029574,0.324168454107306,0.331053543153931,0.354717811491347,0.571980598502644,2.16816697222354,0.327197057137755,2.13230798067981,0.027027027027027,0.027027027027027,1
"rpp","S Pacton",2,0.0418250877969841,0.837953549904573,0.856746550071404,0.862513465905727,0.883351304674536,7.849,9.139,9.53133333333333,10.9426666666667,0.864594592583026,0.932942094870283,0.952757068588857,1.02086175859356,0.965880391365106,1.04223468830885,1.06437095278977,1.14045399240145,0.398767532048674,0.430290704923669,0.439429749089743,0.470840932304501,0.895136292560066,2.16816697222354,0.832022572221689,2.13230798067981,0.0476190476190476,0.0476190476190476,1
"rpp","T Makovski",2,0.365380946494675,0.545532877034825,0.593094382373324,0.607822129580804,0.661621432915922,7.849,9.139,9.53133333333333,10.9426666666667,1.18126109636176,1.27464156181693,1.30171396983333,1.39476269055455,1.90503817060434,2.05563430183123,2.09929439594613,2.24935551727297,0.544820169062131,0.587889022453718,0.60037533386941,0.643291180256366,0.620072140594967,2.16816697222354,0.365206268595273,2.13230798067981,0.111111111111111,0.0666666666666667,1
"rpp","BK Payne",2,2.27898566467968,0.13113761436518,0.178571193581092,0.194040654720759,0.254118482797418,7.849,9.139,9.53133333333333,10.9426666666667,0.401863019572223,0.433630895389396,0.442840882636136,0.474495899458013,1.09224280525341,1.17858624097543,1.20361850773498,1.28965519857226,0.185346896581538,0.199998847387981,0.204246669333767,0.218846567416992,0.367924620459263,2.16816697222354,0.151382853963031,2.13230798067981,0.0149253731343284,0.00564971751412429,1
"rpp","CR Cox",2,5.160392556293,0.0231076738904513,0.0410150091332765,0.0472970391678735,0.0738204784965389,7.849,9.139,9.53133333333333,10.9426666666667,0.347505633576069,0.37497647631488,0.382940688739335,0.410313938182036,1.51462909194201,1.63436279859934,1.66907540946654,1.78838374850049,0.160276232424889,0.172946309541062,0.176619556355761,0.189244621580617,0.229432826442352,2.16816697222354,-0.0523380189858188,2.13230798067981,0.0103092783505155,0.0050761421319797,0
"rpp","D Albarracin",2,4.3671684612708,0.0366378245008918,0.0607444294235077,0.0690377859772358,0.103288059567862,7.849,9.139,9.53133333333333,10.9426666666667,0.57462131993085,0.620045999098629,0.633215300005942,0.678478602829832,1.44331125688528,1.5574071814694,1.59048531412052,1.70417589994388,0.265026322830457,0.285977052063822,0.292050985057002,0.312927284439734,0.398127096417791,2.16816697222354,-0.0304949873644914,2.13230798067981,0.0303030303030303,0.0117647058823529,0
"rpp","DB Centerbar",2,0.779999409071141,0.377141320514102,0.434100219170806,0.451941543161524,0.518014846325469,7.849,9.139,9.53133333333333,10.9426666666667,0.362948300080698,0.391639908821634,0.399958039757214,0.428547718291846,1.73896045486645,1.87642789299992,1.91628178059812,2.05326085000832,0.167398685032307,0.180631802734267,0.184468283522944,0.19765438906781,0.208715672093056,2.16816697222354,0.0943002047242516,2.13230798067981,0.00769230769230769,0.00909090909090909,0
"rpp","DM Amodio",2,2.83311023375348,0.0923393705093863,0.132879118091531,0.146293165773519,0.199271755966149,7.849,9.139,9.53133333333333,10.9426666666667,0.53238718158039,0.574473188621057,0.586674558027734,0.628611049737318,1.34201983314212,1.44810851840812,1.47886523138278,1.58457702451723,0.245547131932559,0.26495800184241,0.270585506348746,0.289927416933509,0.396705896912039,2.16816697222354,0.0768516200278652,2.13230798067981,0.0222222222222222,0.0138888888888889,0
"rpp","E van Dijk",2,8.6522016663811,0.00326666387651664,0.00760324296026293,0.0092534094033373,0.0168803806361508,7.849,9.139,9.53133333333333,10.9426666666667,0.420241002283214,0.45346168526128,0.463092863257468,0.496195525977412,1.05309227617105,1.13634080371418,1.16047580982522,1.24342858749724,0.193823173061363,0.209145186265907,0.213587269426279,0.228854849434656,0.399054301120861,2.16816697222354,-0.0421650745796795,2.13230798067981,0.01,0.0125,0
"rpp","EP Lemay",2,1.92321770840146,0.165502375700019,0.217186488564651,0.233884155372932,0.298022419022181,7.849,9.139,9.53133333333333,10.9426666666667,0.266882840315214,0.287980330046647,0.29409681112593,0.315119349623355,1.58034905125116,1.70527801948859,1.74149681519394,1.86598195904978,0.12309146100566,0.13282202604134,0.135643063884661,0.145339059980324,0.168875882264062,2.16816697222354,0.0367683101769055,2.13230798067981,0.00546448087431694,0.0036101083032491,0
"rpp","H Ersner-Hershfield",2,3.73746396841836,0.0532051403146619,0.0833748297070079,0.0935914579834624,0.13503146906416,7.849,9.139,9.53133333333333,10.9426666666667,0.330447155889285,0.356569500322976,0.364142762711492,0.390172304542815,1.47979464553214,1.59677463683421,1.63068890400827,1.74725331057423,0.15240853685286,0.164456660806571,0.167949594001079,0.179954915622886,0.223306089724669,2.16816697222354,-0.00471938103724945,2.13230798067981,0.00934579439252336,0.0045662100456621,0
"rpp","J Correll",2,1.98856573539148,0.15849092514425,0.209423688180162,0.225907226699279,0.289351851535996,7.849,9.139,9.53133333333333,10.9426666666667,0.411773609002561,0.444324931812774,0.453762052181537,0.486197732711824,1.46437301839943,1.58013390689335,1.61369473774135,1.72904437250068,0.189917849629575,0.204931141145971,0.209283721223826,0.224243676312996,0.281194479704791,2.16816697222354,0.0739316991417272,2.13230798067981,0.0147058823529412,0.00689655172413793,0
"rpp","JJ Exline",2,6.46544152563388,0.0109992309876481,0.0217121601577293,0.0255895717115532,0.0425441352923709,7.849,9.139,9.53133333333333,10.9426666666667,0.496329601769906,0.535565202921256,0.546940196587871,0.58603640879955,1.07386998660853,1.15876102339685,1.18337221775817,1.2679616694743,0.228916687749791,0.247012896046477,0.252259260285181,0.27029117974182,0.462187795505302,2.16816697222354,0.0117217018177724,2.13230798067981,0.0238095238095238,0.00757575757575758,0
"rpp","JL Risen",2,2.6566034127345,0.10312072704639,0.145846844113459,0.159919610298264,0.215205243838008,7.849,9.139,9.53133333333333,10.9426666666667,0.318049198411689,0.343191465668947,0.350480588873978,0.375533535364609,1.69143565021672,1.82514618109866,1.86391088451367,1.99714639351305,0.146690362175159,0.158286455824475,0.161648338603067,0.173203235809595,0.188035056711107,2.16816697222354,0.00300149701344736,2.13230798067981,0.00840336134453781,0.00448430493273543,0
"rpp","KE Stanovich",2,2.75381618092105,0.0970226073455764,0.138540979948985,0.152250590585438,0.206267657416432,7.849,9.139,9.53133333333333,10.9426666666667,0.257310430740556,0.277651207104926,0.28354830554433,0.303816818985072,1.13905976329048,1.22910414992518,1.25520937827973,1.34493387198026,0.118676482963244,0.128058037347642,0.130777891729224,0.140126117073676,0.225897217190119,2.16816697222354,0.0734857299440754,2.13230798067981,0.00268817204301075,0.00574712643678161,0
"rpp","KL Blankenship",2,3.49210617520778,0.0616620877477807,0.0944686875901645,0.105509320635786,0.149973200669229,7.849,9.139,9.53133333333333,10.9426666666667,0.249141875582051,0.268836915381366,0.274546805032776,0.294171875961121,1.18240936544654,1.27588060329907,1.30297932760513,1.39611849824441,0.114908989378501,0.123992717731358,0.12662622784592,0.135677685219712,0.210706953837397,2.16816697222354,0.044525220365058,2.13230798067981,0.00387596899224806,0.00403225806451613,0
"rpp","N Shnabel",2,7.79403988761127,0.00524188575492734,0.0114569242550218,0.0137766170605768,0.0242720714766109,7.849,9.139,9.53133333333333,10.9426666666667,0.378324673854284,0.408231808057298,0.416902338192254,0.446703223896384,1.37568413301538,1.48443403179384,1.5159622707796,1.62432582316257,0.174490562166574,0.188284303417205,0.192283317444276,0.206028054858835,0.275008386572745,2.16816697222354,-0.101989411675437,2.13230798067981,0.010989010989011,0.0072463768115942,0
"rpp","NO Rule",2,0.0250604016100197,0.874216646125754,0.888881022569709,0.893378885858576,0.909621957801642,7.849,9.139,9.53133333333333,10.9426666666667,0.577927331071996,0.623613355390403,0.636858424206095,0.682382143722214,1.8671752070759,2.01477821411654,2.05757055630046,2.20464918685546,0.266551118283713,0.28762238488988,0.293731263488887,0.314727672021683,0.309519604203112,2.16816697222354,0.2768638226551,2.13230798067981,0.0212765957446809,0.0212765957446809,0
"rpp","PA Goff",2,4.10068159833757,0.0428659292621284,0.0694124904475643,0.0784847356392171,0.11566917294726,7.849,9.139,9.53133333333333,10.9426666666667,0.56077013207342,0.605099854018601,0.617951710281083,0.662123945842559,1.34035806778682,1.44631538800335,1.4770340162651,1.58261491103938,0.258637890557999,0.279083604616506,0.285011126079165,0.305384204410939,0.418373377644792,2.16816697222354,0.013046191117014,2.13230798067981,0.0192307692307692,0.0208333333333333,0
"rpp","PW Eastwick",2,1.29471396085983,0.25518104173,0.312510016658918,0.330721414077862,0.399299229092033,7.849,9.139,9.53133333333333,10.9426666666667,0.274103378235535,0.295771662344193,0.30205362533876,0.323644930401404,1.94760699097665,2.1015682514476,2.14620394738113,2.29961824294732,0.126421710941585,0.136415537241058,0.139312898502919,0.149271220596767,0.140738547101889,2.16816697222354,0.0294131791904262,2.13230798067981,0.00625,0.00332225913621262,1
"rpp","SL Murray",2,8.61839657384421,0.00332784658496221,0.00772678656015036,0.00939942154605511,0.0171238353928783,7.849,9.139,9.53133333333333,10.9426666666667,0.443524215532126,0.478585471519133,0.488750259443684,0.523686956327424,1.34882266545853,1.45544912484583,1.4863617466646,1.59260940341657,0.204561835510885,0.220732756125477,0.225420950371941,0.241534421950152,0.328823222570441,2.16816697222354,-0.135931069224414,2.13230798067981,0.0113636363636364,0.0136986301369863,0
"rpp","SM McCrea",2,0.0644302252605254,0.799626048937816,0.822699581701685,0.829784545469318,0.855404574740213,7.849,9.139,9.53133333333333,10.9426666666667,0.670289181030767,0.723276548435826,0.738638386943615,0.791437510693886,1.86721823117541,2.0148246393358,2.05761796755573,2.2046999871476,0.309150166762,0.333588952189452,0.340674125381642,0.365026089241751,0.358977418835944,2.16816697222354,0.298247895841039,2.13230798067981,0.04,0.0172413793103448,1
"rpp","V Purdie-Vaughns",2,15.5524299976555,8.02484358294331e-05,0.000291373840293985,0.000383987127099639,0.000883485384378213,7.849,9.139,9.53133333333333,10.9426666666667,0.309025571298721,0.333454507267496,0.34053682495278,0.364878974345536,0.776358450620941,0.837730753240853,0.85552351117297,0.916677781701203,0.142528493080864,0.153795584721746,0.157062084846513,0.168289148861694,0.398044963704019,2.16816697222354,-0.0369521557380355,2.13230798067981,0.0114942528735632,0.000672494956287828,0
"rpp","B Dessalegn",2,7.45656802220738,0.00632053964017421,0.0134689397129836,0.0161164993514092,0.0279935887230968,7.849,9.139,9.53133333333333,10.9426666666667,0.645162652735609,0.696163730306269,0.710949713376055,0.761769603812682,1.60448382670793,1.73132068522697,1.76809260715527,1.89447886329532,0.297561332222477,0.321084002858104,0.327903580528648,0.351342684199021,0.402099816773692,2.16816697222354,-0.226727712667986,2.13230798067981,0.0303030303030303,0.0227272727272727,0
"rpp","B Eitam",2,0.788494115546116,0.374555860615318,0.43159120925998,0.449460655054666,0.515656527615307,7.849,9.139,9.53133333333333,10.9426666666667,0.381057705259532,0.411180889703692,0.419914056068312,0.449930224470511,1.68530418236562,1.81853001149652,1.85715419254952,1.989906721756,0.175751088426895,0.189644476173351,0.19367237922533,0.207516409130193,0.226106188572231,2.16816697222354,0.105329585238058,2.13230798067981,0.0120481927710843,0.00645161290322581,0
"rpp","C Farris",2,26.5779650682364,2.53114197490412e-07,1.62467671604993e-06,2.35179717356093e-06,7.16152585678032e-06,7.849,9.139,9.53133333333333,10.9426666666667,0.289831686913058,0.312743317467013,0.319385745384396,0.342215979762549,0.463915629329953,0.500588857232056,0.511220980173451,0.547763922258552,0.133675907172327,0.144243188589061,0.14730680315495,0.157836543101472,0.624750856813491,2.16816697222354,0.0914164977721764,2.13230798067981,0.0036101083032491,0.00709219858156028,0
"rpp","C Janiszewski",2,0.518202932344061,0.471609268172922,0.524247255654367,0.540616344099138,0.600716343423058,7.849,9.139,9.53133333333333,10.9426666666667,0.455242994862287,0.491230637972165,0.501663999522358,0.537523792433255,1.31309446908399,1.41689656083775,1.44699035580028,1.55042367880624,0.20996676026082,0.226564948302108,0.23137701383205,0.247916234920784,0.34669477755082,2.16816697222354,0.229721666607801,2.13230798067981,0.0178571428571429,0.00854700854700855,1
"rpp","C McKinstry",2,0.388467215131507,0.533106200789798,0.581607228243985,0.596635562653107,0.651575226830545,7.849,9.139,9.53133333333333,10.9426666666667,0.469465275529017,0.50657721130593,0.517336522289588,0.554316613689831,0.53996374432833,0.582648690044056,0.595023700823251,0.637557003410067,0.216526347621448,0.233643080904611,0.238605480535957,0.255661404675562,0.869438514085779,2.16816697222354,0.973880109255998,2.13230798067981,0.0072463768115942,0.0208333333333333,1
"rpp","DA Armor",2,2.15420515626914,0.142180003446586,0.191141914476747,0.207057318700549,0.268630161449546,7.849,9.139,9.53133333333333,10.9426666666667,0.330825121440421,0.356977344619124,0.36455926930732,0.390618583736012,0.397980145884138,0.429441074699149,0.438562073371659,0.469911233655543,0.152582861780773,0.164644766382098,0.16814169479459,0.180160748106691,0.831260365276445,2.16816697222354,1.00457484452595,2.13230798067981,0.00819672131147541,0.00574712643678161,1
"rpp","DR Addis",2,0.25070141236958,0.61658162394784,0.658206083958195,0.671054205927162,0.71780740920717,7.849,9.139,9.53133333333333,10.9426666666667,0.735737959349378,0.793899151069559,0.810760959428446,0.868715526893971,1.13443376974173,1.22411246463215,1.25011167342403,1.33947177454183,0.339336392803203,0.366161444778114,0.373938432701509,0.400668185625515,0.648550826829565,2.16816697222354,0.780041330582545,2.13230798067981,0.0344827586206897,0.0344827586206897,1
"rpp","E Nurmsoo",2,4.58298165390584,0.0322909799596443,0.0545561605357244,0.0622571056720445,0.0942546120179498,7.849,9.139,9.53133333333333,10.9426666666667,1.35663376502791,1.46387770357858,1.4949693419376,1.60183228418792,2.45897153272789,2.65335692895772,2.70971219270065,2.90340701268154,0.625705391885306,0.675168343735682,0.689508400916397,0.738795629999463,0.551707796113811,2.16816697222354,-0.484935913612849,2.13230798067981,0.0344827586206897,0.2,0
"rpp","E Vul",2,0.113097720934519,0.736644615247894,0.766509386768651,0.775692213760319,0.808953109356436,7.849,9.139,9.53133333333333,10.9426666666667,0.321655963784622,0.347083351266655,0.354455135133326,0.379792188926676,1.08639146858281,1.17227234734472,1.19717051185178,1.28274628901521,0.148353871221805,0.160081467762009,0.163481475215822,0.175167408134247,0.296077402194826,2.16816697222354,0.334688430685667,2.13230798067981,0.00588235294117647,0.0072992700729927,1
"rpp","EJ Masicampo",2,4.69677109554719,0.0302193391390254,0.0515612385384246,0.0589636049215235,0.0898185931164442,7.849,9.139,9.53133333333333,10.9426666666667,0.343851321614424,0.371033285499146,0.378913747578525,0.405999144442152,1.58433895745135,1.70958333377192,1.74589357104673,1.8706930024626,0.158590793983819,0.171127634657509,0.174762254214183,0.187254556334185,0.217031412373752,2.16816697222354,-0.0489573144713753,2.13230798067981,0.00892857142857143,0.00613496932515337,0
"rpp","G Hajcak",2,0.344609304833525,0.557180650405124,0.603832931044083,0.618270771962199,0.670974461761724,7.849,9.139,9.53133333333333,10.9426666666667,0.690323423165858,0.744894527529138,0.760715515313113,0.815092749615768,1.72555123484493,1.86195865397763,1.90150522604947,2.03742804229708,0.318390341707818,0.343559576855476,0.350856518459448,0.375936337033978,0.400059650056057,2.16816697222354,0.255412811882995,2.13230798067981,0.0357142857142857,0.025,0
"rpp","GA Alvarez",2,1.78928514624381,0.181013284998331,0.234173615370006,0.251286988570786,0.316747530442684,7.849,9.139,9.53133333333333,10.9426666666667,1.45960366440444,1.57498752829529,1.60843905401361,1.72341300359269,1.60117892986316,1.72775453131838,1.764450710876,1.89057663809768,0.673197075273016,0.726414316089357,0.741842798372716,0.794870978882806,0.911580609250947,2.16816697222354,1.60847594653146,2.13230798067981,0.2,0.0714285714285714,1
"rpp","GP Lau",2,4.26769436108923,0.0388436022308091,0.0638393716775089,0.0724173565750237,0.107743460869552,7.849,9.139,9.53133333333333,10.9426666666667,0.595816866645976,0.642917085644814,0.656572150868391,0.703505040977347,1.47097638610905,1.58725928074725,1.62097144906455,1.73684123548191,0.274802113619018,0.296525633810148,0.302823610579701,0.324469955492347,0.405048559767843,2.16816697222354,-0.0342929956428472,2.13230798067981,0.0303030303030303,0.0149253731343284,0
"rpp","J Winawer",2,0.77944298502026,0.377311548905146,0.434265326395422,0.452104773174277,0.518169919468169,7.849,9.139,9.53133333333333,10.9426666666667,0.801963518465667,0.865359940190761,0.883739520838122,0.946910719557988,0.955709667916957,1.0312599538825,1.05316312343134,1.12844500840535,0.369880884977795,0.399120524976589,0.407597538455174,0.436733301304233,0.83912881221931,2.16816697222354,0.58640880552693,2.13230798067981,0.0384615384615385,0.0434782608695652,1
"rpp","JA Richeson",2,2.48748531581169,0.114754947573555,0.159593380745368,0.174296782468644,0.231764480844747,7.849,9.139,9.53133333333333,10.9426666666667,0.662229040126829,0.714579241276636,0.729756355658749,0.781920576759424,1.69592980147453,1.82999560176946,1.8688633031558,2.00245281943313,0.305432675901196,0.329577588087604,0.336577562986469,0.360636697623677,0.390481398198824,2.16816697222354,0.0176767489061405,2.13230798067981,0.04,0.0158730158730159,0
"rpp","JS Nairne",2,0.00991061924719229,0.920699928941508,0.929989068944103,0.93283702285271,0.943116508037201,7.849,9.139,9.53133333333333,10.9426666666667,0.773316912797753,0.834448777280404,0.852171828563245,0.913086515138071,1.61355665468211,1.74111073389168,1.77809058893615,1.90519151775858,0.356668523552265,0.384863706518251,0.393037916120137,0.421132932488897,0.479262324352725,2.16816697222354,0.451783336020072,2.13230798067981,0.0476190476190476,0.0285714285714286,1
"rpp","JT Larsen",2,8.78922401311742,0.00303015115577943,0.00712256577730297,0.00868457709886683,0.0159283366239426,7.849,9.139,9.53133333333333,10.9426666666667,0.31790532097379,0.343036214503292,0.350322040292776,0.375363653462114,1.49154376954102,1.60945254675843,1.64363608300432,1.76112597586793,0.14662400315404,0.15821485102298,0.161575212970571,0.173124883032954,0.213138445861106,2.16816697222354,0.549546123796944,2.13230798067981,0.00862068965517241,0.00425531914893617,1
"rpp","KA Ranganath",2,5.0139485170215,0.0251438951810827,0.0440807193444429,0.0507002166504208,0.0785360290427181,7.849,9.139,9.53133333333333,10.9426666666667,0.127180993016018,0.137234841704903,0.140149604364459,0.150167735611346,27.4093819173782,29.5761347624238,30.2043091542074,32.3633643631078,0.058658301987503,0.0632953289405399,0.0646396731247732,0.0692602265116803,0.00464005329997545,2.16816697222354,0.10628949138422,2.13230798067981,0.0017825311942959,0.000278241513633834,0
"rpp","KD Vohs",2,3.57212024569789,0.0587572437617033,0.0906876890230934,0.101455354056908,0.144921261106822,7.849,9.139,9.53133333333333,10.9426666666667,0.658340941012174,0.710383782081994,0.725471788132372,0.777329741084735,1.20389736315187,1.29906725952587,1.32665845060589,1.42149024508888,0.303639410361934,0.327642562211649,0.334601438646754,0.358519316567005,0.546841417850272,2.16816697222354,0.102714869812966,2.13230798067981,0.037037037037037,0.0181818181818182,0
"rpp","N Halevy",2,4.38283779029057,0.0363025093195265,0.0602713885450048,0.0685205759343788,0.102603523839065,7.849,9.139,9.53133333333333,10.9426666666667,0.316549543587391,0.341573260876361,0.348828014654165,0.373762832338765,0.311250526885942,0.335855348938659,0.342988658657508,0.36750606927887,0.145998692740328,0.157540108881035,0.160886139823645,0.172386553769638,1.01702492443777,2.16816697222354,0.780480766803962,2.13230798067981,0.00421940928270042,0.00854700854700855,1
"rpp","N Janssen 2",2,0.271579646971172,0.602274094881718,0.645165469002932,0.658412372071964,0.706650510136471,7.849,9.139,9.53133333333333,10.9426666666667,1.23539242528212,1.33305205366399,1.36136505567567,1.45867773711014,1.59359871250081,1.71957508637821,1.75609754080603,1.88162636927408,0.569786571379777,0.614829056406524,0.627887553456981,0.672770019928035,0.775221776719086,2.16816697222354,0.545423705409234,2.13230798067981,0.0833333333333333,0.111111111111111,0
"rpp","P Bressan 1",2,5.60499563371105,0.0179093396100056,0.0329855191677479,0.0383315724512016,0.0611782820152109,7.849,9.139,9.53133333333333,10.9426666666667,0.261679701957394,0.282365875779773,0.288363110161587,0.308975793996549,1.37040959324277,1.47874253172301,1.51014988761759,1.61809796100125,0.120691674262075,0.130232532548079,0.132998571537994,0.142505534838805,0.190949992796085,2.16816697222354,-0.0301814559621975,2.13230798067981,0.0048780487804878,0.00384615384615385,0
"rpp","P Bressan 2",2,3.70226416819874,0.0543386842150712,0.0848774983623942,0.0952099198705501,0.137076897994108,7.849,9.139,9.53133333333333,10.9426666666667,0.251406573493035,0.271280641066731,0.277042433575238,0.296845896261414,1.31660949451573,1.42068945431399,1.45086380742151,1.55457401131413,0.115953511290327,0.125119810670542,0.127777259373673,0.136910994431848,0.190949992796085,2.16816697222354,0.0182854486872587,2.13230798067981,0.0048780487804878,0.00317460317460317,0
"rpp","S Forti",2,3.21564050413804,0.0729376403241038,0.108885018715221,0.120897457265034,0.168883727688644,7.849,9.139,9.53133333333333,10.9426666666667,1.09731852920902,1.18406320854006,1.20921180188509,1.29564831086779,1.20197226769378,1.29698998237782,1.32453705368629,1.4192172071221,0.506104254546264,0.546112556693804,0.557711568055571,0.597577736155187,0.91293165300265,2.16816697222354,0.210572424096054,2.13230798067981,0.0909090909090909,0.0625,0
"rpp","S Schnall",2,5.34531085627405,0.0207780783167829,0.0374554320442407,0.0433323058179549,0.0682710254649358,7.849,9.139,9.53133333333333,10.9426666666667,0.509939220035174,0.550250681969709,0.561937583934802,0.602105834811758,1.20364883477085,1.29879908460271,1.32638457985329,1.42119679759073,0.235193703514546,0.253786119343662,0.259176341644257,0.27770270579958,0.423661125491187,2.16816697222354,0.00283980563384237,2.13230798067981,0.025,0.00813008130081301,0
"rpp","SE Palmer",2,3.42794238582459,0.0641019192188202,0.0976220992718121,0.108884447675521,0.154156173879271,7.849,9.139,9.53133333333333,10.9426666666667,1.77189164454263,1.9119623427254,1.95257095475,2.09214403583183,1.37182780075901,1.48027285067539,1.51171270936944,1.61977249590061,0.817230253593196,0.881833533680577,0.900563000804115,0.964936770384549,1.29162832504362,2.16816697222354,0.120655671934318,2.13230798067981,0.2,0.2,0
"rpp","SJ Heine",2,1.32952857100556,0.248889102798051,0.306021581495104,0.324187680667487,0.39267116346298,7.849,9.139,9.53133333333333,10.9426666666667,0.849069187110552,0.916189382755894,0.935648541733032,1.00253028524238,1.84621725225693,1.99216350146307,2.03447552451535,2.17990328305666,0.39160691864972,0.422564034270989,0.431538969885464,0.462386106829332,0.459896681212679,2.16816697222354,0.110446915790097,2.13230798067981,0.0149253731343284,0.0769230769230769,1
"rpp","SK Moeller",2,3.6445841722688,0.0562518491633992,0.0874022540425536,0.0979262093432218,0.140497973810951,7.849,9.139,9.53133333333333,10.9426666666667,0.520320692639074,0.561452825589398,0.573377652483204,0.61436365884874,1.6232355152806,1.75155472297069,1.7887564003236,1.91661973942052,0.239981836871846,0.25895276184085,0.264452719660785,0.283356248259186,0.320545409301946,2.16816697222354,-0.0340131104279282,2.13230798067981,0.02,0.0144927536231884,0
"rpp","T Goschke",2,0.0493301396693753,0.824233006697964,0.844569245652963,0.85081104496754,0.873370543191805,7.849,9.139,9.53133333333333,10.9426666666667,0.545390092068456,0.588503998730458,0.601003371770047,0.643964111370545,1.38430248629983,1.49373367886139,1.52545943520997,1.6345018610023,0.251544322487829,0.27142927932664,0.277194228797654,0.297008542063592,0.393981877130233,2.16816697222354,0.437218946739661,2.13230798067981,0.027027027027027,0.0108695652173913,1
"rpp","V Lobue",2,2.72042620897664,0.0990715581885601,0.141003904883988,0.154838196082347,0.209291733613007,7.849,9.139,9.53133333333333,10.9426666666667,0.590630548180878,0.637320780908466,0.650856984916667,0.697381345277275,1.11974924413058,1.20826710519623,1.23392977072083,1.32213316200816,0.272410084531065,0.293944511226859,0.300187666934705,0.321645590128183,0.527466797836033,2.16816697222354,0.179748763345337,2.13230798067981,0.0222222222222222,0.0222222222222222,0
"rpp","Z Estes",2,1.52088552248073,0.217485536472312,0.273231803139054,0.291048939316116,0.358627340301892,7.849,9.139,9.53133333333333,10.9426666666667,0.967663128275828,1.04415835325235,1.06633547489955,1.14255894188113,1.41101544877622,1.52255834117908,1.55489631122175,1.66604293480131,0.446304708388512,0.481585766515726,0.491814278402174,0.526969996553996,0.685792015328455,2.16816697222354,0.259835474573725,2.13230798067981,0.0666666666666667,0.0526315789473684,0
"wagenmakers","Wagenmakers",2,3.01050331566771,0.0827266000567071,0.121106369827495,0.133864118199269,0.184518535069949,7.849,9.139,9.53133333333333,10.9426666666667,0.732620591428424,0.79053535052812,0.807325714346462,0.86503472467144,1.56132854213739,1.68475391053587,1.72053678992687,1.84352367565337,0.752274707289583,0.811743153794102,0.828983955069018,0.888241133147442,0.469228974976336,0.973873751608675,0.0155052264808362,0.105122298025242,0.0662917405722365,0.00209059233449478,0
