"paper","experiment","k","Q","calpha0","p0","mdh0","calpha25","p25","mdh25","calpha33","p33","mdh33","calpha67","p67","mdh67","replicated","t1","t2","v1","v2","mdh0scale","mdh25scale","mdh33scale","mdh67scale"
"alogna","RR1",2,2.84774244061146,3.84145882069418,0.0915023436369934,7.849,4.75884383138652,0.131862285244558,9.139,5.04323657468101,0.145221904762698,9.53133333333333,6.08289572202274,0.198008689112884,10.9426666666667,1,-0.524869968116992,-0.0688974317837414,0.0717759049459942,0.00123313931488191,0.756999331838289,0.816841267015904,0.834190348300972,0.893819688191462
"alogna","RR2",2,0.756236011955101,3.84145882069418,0.384509026014286,7.849,4.75884383138652,0.441236491575827,9.139,5.04323657468101,0.458993706058318,9.53133333333333,6.08289572202274,0.524704293542764,10.9426666666667,1,-0.563590069574825,-0.348591279843394,0.0589916812091272,0.00213272817528685,0.692651058801086,0.747406166260461,0.763280499322483,0.817841083029287
"cheung","Exit",2,6.12463392367288,3.84145882069418,0.0133310890284771,7.849,4.75884383138652,0.025611336536748,9.139,5.04323657468101,0.030020361051343,9.53133333333333,6.08289572202274,0.0491267763441932,10.9426666666667,0,-0.599129236525334,-0.0493369219883742,0.0469604260789856,0.00239298718471492,0.622394521751907,0.671595744341013,0.68585992225387,0.734886351898661
"cheung","Neglect",2,3.31620087083994,3.84145882069418,0.0686001845347184,7.849,4.75884383138652,0.103385601574453,9.139,5.04323657468101,0.115039738476767,9.53133333333333,6.08289572202274,0.16173292149916,10.9426666666667,0,-0.447436291057961,-0.0465378893571133,0.0460685350255938,0.00239642073131928,0.616766923347881,0.665523275823189,0.679658479167582,0.728241619150299
"cheung","Voice",2,2.08879841431021,3.84145882069418,0.148382736953905,7.849,4.75884383138652,0.198132529675471,9.139,5.04323657468101,0.214276077938778,9.53133333333333,6.08289572202274,0.27660547902213,10.9426666666667,1,0.341336384181257,0.0247317963953318,0.0455983737481232,0.00239020395299388,0.613728234950998,0.662244374540478,0.67630993653939,0.724653717019901
"cheung","Loyalty",2,0.876291146605723,3.84145882069418,0.349219520626489,7.849,4.75884383138652,0.406866891818919,9.139,5.04323657468101,0.424971699112665,9.53133333333333,6.08289572202274,0.492232251646252,10.9426666666667,1,0.211999576001272,0.00779897590499716,0.0451963135967681,0.00238819668978879,0.611138954116971,0.659450407164059,0.673456627441294,0.721596448551657
"eerland","Imagery",2,7.19655427393163,3.84145882069418,0.00730436978361193,7.849,4.75884383138652,0.0152608832591534,9.139,5.04323657468101,0.0181901541478101,9.53133333333333,6.08289572202274,0.0312440759098542,10.9426666666667,0,0.734099673286689,-0.0810566972533538,0.0889468992741627,0.00338616501453284,0.851306185577182,0.918603219314187,0.938113646326314,1.00517159968987
"eerland","Intention_attribution",2,4.83952154643656,3.84145882069418,0.0278146111157522,7.849,4.75884383138652,0.0480437979653232,9.139,5.04323657468101,0.0550849032808447,9.53133333333333,6.08289572202274,0.0845509700982988,10.9426666666667,0,0.674529352462876,0.00923101661754357,0.088072810909729,0.00338703102536476,0.847271089645192,0.914249142982821,0.933667092757026,1.00040719893539
"eerland","Intentionality",2,9.59532152021904,3.84145882069418,0.00195073763569231,7.849,4.75884383138652,0.00485402118415779,9.139,5.04323657468101,0.005981986742572,9.53133333333333,6.08289572202274,0.0113155949992185,10.9426666666667,0,0.767655185320116,-0.176404367748559,0.0894718175369673,0.00341182767098206,0.853840577178898,0.921337958381966,0.940906469151974,1.00816405822442
"hagger","RTV",2,4.9982802422133,3.84145882069418,0.0253725174990388,7.849,4.75884383138652,0.0444224599516364,9.139,5.04323657468101,0.0510789488505419,9.53133333333333,6.08289572202274,0.0790582087973507,10.9426666666667,0,0.68,0.00386737812693202,0.0900640764724021,0.00139844667706334,0.847283508750261,0.914262543836815,0.933680778234869,1.00042186267439
"hagger","RT",2,0.498828337049861,3.84145882069418,0.480015393578065,7.849,4.75884383138652,0.532142154011547,9.139,5.04323657468101,0.54834355527715,9.53133333333333,6.08289572202274,0.607789644468088,10.9426666666667,1,0.29,0.0811728256930866,0.0860396083872957,0.00138282833095151,0.828359044015047,0.893842071715167,0.912826590965586,0.978076982755214
"manylabs","Allowedforbidden",2,11.7501957919811,3.84145882069418,0.00060836838124434,7.849,4.75884383138652,0.00174939444378208,9.139,5.04323657468101,0.00221347086671797,9.53133333333333,6.08289572202274,0.00452011600347246,10.9426666666667,1,0.505277749950075,0.737927272743267,0.00259509485279297,0.00201127949314244,0.190145818363821,0.205177131151363,0.209534935868045,0.224512848205745
"manylabs","Anchoring1",2,1.626356190758,3.84145882069418,0.202207780233599,7.849,4.75884383138652,0.257010409968419,9.139,5.04323657468101,0.274575676357737,9.53133333333333,6.08289572202274,0.341421395096991,10.9426666666667,1,0.93,1.1589536758397,0.0313487777769949,0.000882652200272042,0.502975639461364,0.542736619883201,0.554263928939385,0.593883653951884
"manylabs","Anchoring2",2,22.7310253798235,3.84145882069418,1.86334957841261e-06,7.849,4.75884383138652,9.94371523355131e-06,9.139,5.04323657468101,1.39710358002532e-05,9.53133333333333,6.08289572202274,3.88902777030964e-05,10.9426666666667,1,0.93,1.7885837453116,0.0313487777769949,0.00108117359544134,0.50452223768854,0.544405479025234,0.555968233368131,0.595709784949668
"manylabs","Anchoring3",2,49.9890654450993,3.84145882069418,1.54609658409299e-12,7.849,4.75884383138652,2.51265674933165e-11,9.139,5.04323657468101,4.20976586923416e-11,9.53133333333333,6.08289572202274,2.00296113028742e-10,10.9426666666667,1,0.93,2.20526473861266,0.0313487777769949,0.00118433999722946,0.505324095417868,0.545270724813497,0.556851856312542,0.596656570759718
"manylabs","Anchoring4",2,68.311505048638,3.84145882069418,1.11022302462516e-16,7.849,4.75884383138652,3.99680288865056e-15,9.139,5.04323657468101,7.43849426498855e-15,9.53133333333333,6.08289572202274,4.71844785465692e-14,10.9426666666667,1,0.93,2.42240643766673,0.0313487777769949,0.00125593461520417,0.505879815337962,0.545870375228687,0.557464242842098,0.597312731716286
"manylabs","Flagpriming",2,3.67476204846707,3.84145882069418,0.0552421384449809,7.849,4.75884383138652,0.086071524748238,9.139,5.04323657468101,0.0964949953938345,9.53133333333333,6.08289572202274,0.138697233856672,10.9426666666667,0,0.5,0.0182884262841459,0.0625,0.000645868274274421,0.704011306787597,0.759664458928147,0.775799148713678,0.831254586695694
"manylabs","Gainloss",2,13.7607007028616,3.84145882069418,0.000207634639247112,7.849,4.75884383138652,0.000677527920460275,9.139,5.04323657468101,0.000876592607074622,9.53133333333333,6.08289572202274,0.00191063652940338,10.9426666666667,1,-1.21269079198559,-0.66012638792965,0.0213097761207599,0.000878586755717962,0.417320572482923,0.450310391094999,0.459874638022874,0.49274725654877
"manylabs","Gamblersfallacy",2,0.0493356865344854,3.84145882069418,0.824223286462529,7.849,4.75884383138652,0.844560614623215,9.139,5.04323657468101,0.850802749221243,9.53133333333333,6.08289572202274,0.873363463492362,10.9426666666667,1,0.69,0.630171729007084,0.0718313559322034,0.000721034871150528,0.754628196806563,0.814282690195396,0.831577429273446,0.891019993283448
"manylabs","IAT",2,0.779857328220276,3.84145882069418,0.377184777436225,7.849,4.75884383138652,0.434142369756789,9.139,5.04323657468101,0.451983214821837,9.53133333333333,6.08289572202274,0.518054436666962,10.9426666666667,1,0.925595249714646,0.797905985648374,0.0200691180425385,0.000837972995504453,0.405092282767272,0.437115436694558,0.446399432922952,0.478308820950397
"manylabs","Imaginedcontact",2,3.17296428945178,3.84145882069418,0.0748664519340622,7.849,4.75884383138652,0.111313272412976,9.139,5.04323657468101,0.123479272005299,9.53133333333333,6.08289572202274,0.172017693527278,10.9426666666667,0,0.86,0.13726864804912,0.163983838383838,0.00063843890721716,1.13671467592245,1.22657367987535,1.2526251629891,1.3421649326009
"manylabs","Mathartgender",2,3.13947904858514,3.84145882069418,0.0764182125729386,7.849,4.75884383138652,0.113259433748437,9.139,5.04323657468101,0.125546506748865,9.53133333333333,6.08289572202274,0.174519391245267,10.9426666666667,1,1.01,0.583442143962418,0.0570973547549497,0.000858631487219528,0.67446018119292,0.727777272431054,0.74323470286054,0.796362379062434
"manylabs","Moneypriming",2,4.61988762468124,3.84145882069418,0.031603308583899,7.849,4.75884383138652,0.0535654693219276,9.139,5.04323657468101,0.0611685372795081,9.53133333333333,6.08289572202274,0.0927920470166957,10.9426666666667,0,0.8,-0.0174401748359549,0.144,0.000637379460488692,1.06548523752578,1.14971344729433,1.17413247808658,1.25806145755138
"manylabs","Reciprocity",2,11.6465784985052,3.84145882069418,0.000643207307479798,7.849,4.75884383138652,0.00183717858079457,9.139,5.04323657468101,0.00232174563305132,9.53133333333333,6.08289572202274,0.00472462305632748,10.9426666666667,1,0.16,0.373839732731997,0.00286989795918367,0.00105635654558449,0.175548203089423,0.189425552444955,0.193448805725047,0.207276854217195
"manylabs","Scales",2,0.378684535649707,3.84145882069418,0.538308092698162,7.849,4.75884383138652,0.58641974599336,9.139,5.04323657468101,0.60132337099052,9.53133333333333,6.08289572202274,0.655789339544198,10.9426666666667,1,0.610215814216905,0.752942782657248,0.0516298841593425,0.00216419931232681,0.649792090725281,0.701159132328451,0.716051213901378,0.767235768241628
"manylabs","Sunkcosts",2,0.172209850936941,3.84145882069418,0.678155264794053,7.849,4.75884383138652,0.713977166093472,9.139,5.04323657468101,0.725009965929175,9.53133333333333,6.08289572202274,0.765051448802436,10.9426666666667,1,0.227912862495395,0.285929513543448,0.018901277635894,0.000644246505254263,0.391679485017881,0.422642337119643,0.431618935826497,0.462471788871356
"ppir","Bad Tipper",2,4.34689252754094e-05,3.84145882069418,0.994739507975148,7.849,4.75884383138652,0.99535762367376,9.139,5.04323657468101,0.995547078883572,9.53133333333333,6.08289572202274,0.996230674549945,10.9426666666667,1,0.640662129188497,0.64221875695516,0.054622061632738,0.00112097752901697,0.661458323993745,0.713747598874615,0.728907049810701,0.781010561089946
"ppir","Belief-Act Inconsistency",2,0.00565947302382099,3.84145882069418,0.940032137817006,7.849,4.75884383138652,0.947066076420837,9.139,5.04323657468101,0.949222350869497,9.53133333333333,6.08289572202274,0.957004144292275,10.9426666666667,1,0.373816200301683,0.360048549060051,0.0323005498079682,0.00119165342604066,0.512718541876277,0.553249713380501,0.565000312469899,0.605387492373286
"ppir","Bigot-Misanthrope",2,4.01450759271159,3.84145882069418,0.0451103941859189,7.849,4.75884383138652,0.0724855899659281,9.139,5.04323657468101,0.0818208292908716,9.53133333333333,6.08289572202274,0.119989041279692,10.9426666666667,1,0.904862174894915,1.21317467515595,0.0222222222222222,0.0014560485549431,0.431104102659637,0.465183530052939,0.475063671031671,0.509022027379557
"ppir","Burn in Hell",2,0.0107218963515993,3.84145882069418,0.917529174520837,7.849,4.75884383138652,0.927187279808672,9.139,5.04323657468101,0.930148422279446,9.53133333333333,6.08289572202274,0.94083674811658,10.9426666666667,1,0.271147496692603,0.288280940718201,0.0262127304057229,0.00116627929105768,0.46357075739312,0.500216722650171,0.510840941738797,0.547356718032496
"ppir","Cold-Hearted Prosociality",2,0.740909896745829,3.84145882069418,0.389369561574714,7.849,4.75884383138652,0.445933552146042,9.139,5.04323657468101,0.463632123287797,9.53133333333333,6.08289572202274,0.529092763843161,10.9426666666667,1,2.26403123574644,2.01470997571385,0.0820364839777222,0.00186182940324315,0.811491134718795,0.875640728831547,0.894238665535349,0.958160360912226
"ppir","Higher Standards - Charity",2,0.0249361867096333,3.84145882069418,0.874526174598098,7.849,4.75884383138652,0.889155034491788,9.139,5.04323657468101,0.893641988445491,9.53133333333333,6.08289572202274,0.909845595307267,10.9426666666667,0,0.920766661246409,0.881954985161369,0.058994891463797,0.00141314999300278,0.688580218561659,0.743013519980419,0.758794556608426,0.81303447752721
"ppir","Higher Standards - Company",2,9.47410168788738,3.84145882069418,0.0020839290578375,7.849,4.75884383138652,0.00514177340641631,9.139,5.04323657468101,0.00632664971100316,9.53133333333333,6.08289572202274,0.011913162602698,10.9426666666667,1,0.344463340209902,1.00860053122886,0.0451036388486031,0.00145256489770737,0.604499498101356,0.652286092169327,0.666140147897323,0.713756974649842
"ppir","Intuitive Economics",2,5.10792641144509,3.84145882069418,0.0238167693373132,7.849,4.75884383138652,0.0420872109601296,9.139,5.04323657468101,0.0484884351986004,9.53133333333333,6.08289572202274,0.0754761815444858,10.9426666666667,1,0.847075820368799,0.509780404365369,0.0210604350243459,0.00121243825002467,0.418114556468122,0.451167140707823,0.460749584339603,0.493684745511087
"ppir","Moral Cliff",2,0.000273107405836319,3.84145882069418,0.986814790576104,7.849,4.75884383138652,0.988363961117342,9.139,5.04323657468101,0.988838791846859,9.53133333333333,6.08289572202274,0.990552097928721,10.9426666666667,1,0.709664760638812,0.713006234259124,0.0397398265631407,0.00114315836013186,0.566472019311428,0.611252484014411,0.624235017413595,0.668856394417914
"ppir","Moral Inversion",2,1.05098001026105,3.84145882069418,0.305281489640743,7.849,4.75884383138652,0.363339366773754,9.139,5.04323657468101,0.381660465730927,9.53133333333333,6.08289572202274,0.450112098344297,10.9426666666667,1,0.808709194163244,0.526357791340611,0.0746035393165876,0.00125167571847929,0.771613622747966,0.832610839591628,0.850294854489253,0.911075371776156
"ppir","Presumption of Guilt",2,0.44693796435007,3.84145882069418,0.503792664468196,7.849,4.75884383138652,0.554377201984526,9.139,5.04323657468101,0.570076633182517,9.53133333333333,6.08289572202274,0.627581611501438,10.9426666666667,0,0.0296722341341666,0.18160335591699,0.0506465980554466,0.00100053780546479,0.636693308722727,0.687024871917218,0.701616752652258,0.751769507238756
"rand","time/delay",2,2.78743874102731,3.84145882069418,0.0950059669006973,7.849,4.75884383138652,0.136108554638804,9.139,5.04323657468101,0.149692730226491,9.53133333333333,6.08289572202274,0.203269718575686,10.9426666666667,0,0.271911098698829,-0.0160234187644587,0.0286275195713196,0.00111529957176988,0.483168073711529,0.521363236284162,0.532436591084641,0.570496060994098
"rpe","Abeler et al.",2,0.889890380663388,3.84145882069418,0.345507015428944,7.849,4.75884383138652,0.403222265571017,9.139,5.04323657468101,0.421355153462424,9.53133333333333,6.08289572202274,0.488749917876318,10.9426666666667,0,0.36597765571301,0.160514470781026,0.0347389886090856,0.0126995738023032,0.610201013082567,0.65843832048088,0.672423044814114,0.72048898368656
"rpe","Ambrus and Greiner",2,0.643914566115104,3.84145882069418,0.422296820736368,7.849,4.75884383138652,0.477539754796952,9.139,5.04323657468101,0.49477878912496,9.53133333333333,6.08289572202274,0.558336578637277,10.9426666666667,1,0.652125970874945,0.472672040177118,0.0381488644990482,0.0118635361167562,0.626535978562643,0.676064589538482,0.69042368229185,0.73977633723886
"rpe","Bartling et al.",2,1.73207358252336,3.84145882069418,0.188146298407639,7.849,4.75884383138652,0.24190527492397,9.139,5.04323657468101,0.259184914380834,9.53133333333333,6.08289572202274,0.325162907705988,10.9426666666667,1,2.07500550373525,1.75703506461451,0.0386309201885189,0.01974142679188,0.676878535225598,0.730386800985523,0.745899655797732,0.799217827352164
"rpe","Charness and Dufwenberg",2,0.0535138961305681,3.84145882069418,0.817057892611034,7.849,4.75884383138652,0.838196497254006,9.139,5.04323657468101,0.844685329908284,9.53133333333333,6.08289572202274,0.868140999305738,10.9426666666667,1,0.82163362512238,0.77174363314129,0.0290377752418121,0.0174737195258331,0.60420917109164,0.651972814373045,0.665820216321204,0.713414173822439
"rpe","Chen and Chen",2,35.0386911958087,3.84145882069418,3.23218662945379e-09,7.849,4.75884383138652,2.9976672366594e-08,9.139,5.04323657468101,4.60047298034283e-08,9.53133333333333,6.08289572202274,1.67294207931157e-07,10.9426666666667,0,3.09628107925284,0.34502212047719,0.191365584813227,0.0246649117581951,1.30216103750231,1.40509882505332,1.43494204516689,1.53751413450919
"rpe","de Clippel et al.",2,1.89647436551569,3.84145882069418,0.168473481156616,7.849,4.75884383138652,0.220459719601468,9.139,5.04323657468101,0.237243042148026,9.53133333333333,6.08289572202274,0.301656599195781,10.9426666666667,1,0.241746889207614,0.560829008703686,0.0258499462321118,0.0278356721097004,0.649136671560685,0.700451901293602,0.715328961822409,0.766461888359975
"rpe","Duffy and Puzzello",2,30.0771701420344,3.84145882069418,4.15190380964603e-08,7.849,4.75884383138652,3.12074671993123e-07,9.139,5.04323657468101,4.63273338469072e-07,9.53133333333333,6.08289572202274,1.52258708518982e-06,10.9426666666667,0,2.33873832860732,-0.241746889207614,0.178673527730131,0.0427204374572796,1.31822654834288,1.4224343386771,1.45264575178865,1.55648333208469
"rpe","Dulleck et al.",2,0.0319928165017346,3.84145882069418,0.858043423931018,7.849,4.75884383138652,0.87455740871401,9.139,5.04323657468101,0.879623572768296,9.53133333333333,6.08289572202274,0.897923248205545,10.9426666666667,1,2.07500550373525,2.13622956902325,0.0497344182067758,0.0674289509572382,0.958965736910525,1.03477342002485,1.05675121289668,1.1322895805868
"rpe","Ericson and Fuster",2,0.662575579935466,3.84145882069418,0.415652136637667,7.849,4.75884383138652,0.471190495331158,9.139,5.04323657468101,0.488530653356316,9.53133333333333,6.08289572202274,0.552500612677827,10.9426666666667,0,0.429579016717209,0.241746889207614,0.0376985417261597,0.0155495845151018,0.646486305243709,0.697592019534978,0.712408338371244,0.763332493794619
"rpe","Fehr et al.",2,0.982012103678496,3.84145882069418,0.32170255454796,7.849,4.75884383138652,0.379710827761691,9.139,5.04323657468101,0.397981813642853,9.53133333333333,6.08289572202274,0.46609373167071,10.9426666666667,1,1.00780651972054,0.652125970874945,0.0850114234100207,0.0438145374444514,1.00556201536591,1.08505320434024,1.10809890122269,1.18730768869891
"rpe","Friedman and Oprea",2,2.18636737639207,3.84145882069418,0.139237358443883,7.849,4.75884383138652,0.187808130837529,9.139,5.04323657468101,0.203609815335981,9.53133333333333,6.08289572202274,0.264803352289547,10.9426666666667,1,1.66585346014513,0.979957887012223,0.0879878928659416,0.127187627187627,1.29958172382519,1.40231561275255,1.43209971957399,1.53446863466571
"rpe","Fudenberg et al.",2,0.0693207986654933,3.84145882069418,0.792328274819278,7.849,4.75884383138652,0.816205419415563,9.139,5.04323657468101,0.823538148263426,9.53133333333333,6.08289572202274,0.850058519215293,10.9426666666667,1,0.628970902033151,0.699166664938992,0.0357366211024748,0.0353451498059993,0.746940974817029,0.805987781751402,0.823106343343497,0.881943379774347
"rpe","Huck et al.",2,34.6285388058795,3.84145882069418,3.99013388996394e-09,7.849,4.75884383138652,3.63885155341137e-08,9.139,5.04323657468101,5.56969466103396e-08,9.53133333333333,6.08289572202274,2.00907947944806e-07,10.9426666666667,0,2.97617238365259,0.796528209922106,0.108047076111062,0.0291475294918347,1.03770923643241,1.11974171155891,1.14352416569848,1.22526521111852
"rpe","Ifcher and Zarghamee",2,3.40460830395106,3.84145882069418,0.0650145479199551,7.849,4.75884383138652,0.0987966040255397,9.139,5.04323657468101,0.110140183825544,9.53133333333333,6.08289572202274,0.155707266840801,10.9426666666667,0,0.583333333333333,-0.0200010000750062,0.07614522417154,0.0307723080000308,0.916076257750772,0.988493463061838,1.00948830518468,1.0816482401299
"rpe","Kessler and Roth",2,1.40443663867593,3.84145882069418,0.235982142914703,7.849,4.75884383138652,0.292629459571665,9.139,5.04323657468101,0.310677816850514,9.53133333333333,6.08289572202274,0.378880307927429,10.9426666666667,1,1.12421105965277,0.723076997100493,0.0183409425318662,0.0962306456114014,0.948299739184034,1.0232642591439,1.04499760627614,1.11969580624489
"rpe","Kirchler et al",2,3.02606153734702,3.84145882069418,0.0819366846883945,7.849,4.75884383138652,0.120129308871072,9.139,5.04323657468101,0.132829945163681,9.53133333333333,6.08289572202274,0.183280964463367,10.9426666666667,1,1.75703506461451,1.2500034765631,0.0595560690612177,0.025399583065844,0.816588582791425,0.881141137837303,0.899855899004798,0.964179123750214
"rpe","Kogan et al.",2,0.0254807402671505,3.84145882069418,0.873175004670613,7.849,4.75884383138652,0.887958871985337,9.139,5.04323657468101,0.892493439200575,9.53133333333333,6.08289572202274,0.908869293272937,10.9426666666667,1,0.675520529473199,0.628970902033151,0.035650623885918,0.0493888134337572,0.816991152658418,0.881575531457465,0.900299518811896,0.964654454252973
"rpe","Kuziemko et al.",2,5.07115295908145,3.84145882069418,0.024327197874676,7.849,4.75884383138652,0.0428559364580121,9.139,5.04323657468101,0.0493418381088578,9.53133333333333,6.08289572202274,0.0766589196396278,10.9426666666667,0,0.583333333333333,-0.241746889207614,0.105860433604336,0.028380710198892,1.02647880529095,1.10762349795303,1.1311485705408,1.21200498744469
"rpp","A Roelofs",2,3.34915975048605,3.84145882069418,0.06723932739915,7.849,4.75884383138652,0.101648645099103,9.139,5.04323657468101,0.113186498640939,9.53133333333333,6.08289572202274,0.159458605222585,10.9426666666667,0,1.47908495588093,0.300000000144246,0.269030100291882,0.14607142857452,1.80502961196552,1.94771991628931,1.98908799171931,2.13127137249313
"rpp","AL Morris",2,2.49336081683693,3.84145882069418,0.114327354888886,7.849,4.75884383138652,0.159092339036907,9.139,5.04323657468101,0.173773913812269,9.53133333333333,6.08289572202274,0.231166559780497,10.9426666666667,0,1.54413335904185,0.471814259322305,0.277580340456776,0.183591682404342,1.90256122304564,2.05296154784442,2.09656487471696,2.24643088524032
"rpp","B Liefooghe",2,5.62091717934357,3.84145882069418,0.017747358964827,7.849,4.75884383138652,0.0327299866541034,9.139,5.04323657468101,0.0380449014215344,9.53133333333333,6.08289572202274,0.0607683138383502,10.9426666666667,0,0.938971067177027,-0.440820350529251,0.203402777708149,0.135300728433572,1.63048576188398,1.75937811246735,1.79674595260584,1.92518039844066
"rpp","BC Storm",2,7.14625145319944,3.84145882069418,0.00751208356219779,7.849,4.75884383138652,0.0156345726368142,9.139,5.04323657468101,0.0186214739792409,9.53133333333333,6.08289572202274,0.0319150514110275,10.9426666666667,0,0.469938405385647,-0.0122169439216607,0.0176604272169724,0.0148704433223747,0.505306642409671,0.545251892118765,0.556832623625834,0.596635963287969
"rpp","C Mitchell",2,2.35212834674465,3.84145882069418,0.125112087277251,7.849,4.75884383138652,0.171639090693566,9.139,5.04323657468101,0.186842123224602,9.53133333333333,6.08289572202274,0.246017721509906,10.9426666666667,0,1.03985110522266,0.272107614076015,0.163912591001057,0.086681756460386,1.40246748027356,1.51333464291614,1.54547670869029,1.65595000311647
"rpp","CJ Berry",2,0.905591669373804,3.84145882069418,0.341286790543916,7.849,4.75884383138652,0.399072129040444,9.139,5.04323657468101,0.417234854149239,9.53133333333333,6.08289572202274,0.484775076047716,10.9426666666667,1,1.48045234095975,0.86210545010964,0.269206049297966,0.153007284100282,1.82042644834743,1.96433389573326,2.0060548393293,2.14945103912586
"rpp","CP Beaman",2,8.49531764837966,3.84145882069418,0.00356061607841973,7.849,4.75884383138652,0.00819396814033546,9.139,5.04323657468101,0.00995089781891179,9.53133333333333,6.08289572202274,0.0180400863840171,10.9426666666667,0,2.04625699437016,0.265123151737597,0.0826986635051395,0.290735020399091,1.71204000682353,1.84737934306973,1.88661626177287,2.02147478962004
"rpp","CS Dodson",2,8.90131208287388,3.84145882069418,0.00284965819429261,7.849,4.75884383138652,0.00675224019026099,9.139,5.04323657468101,0.00824550372032107,9.53133333333333,6.08289572202274,0.0151893893009589,10.9426666666667,0,1.35686442922724,-0.222594669535617,0.153712659981636,0.126548387090802,1.48316181129085,1.600407982108,1.63439941874575,1.75122905919376
"rpp","D Ganor-Stern",2,0.51212664402316,3.84145882069418,0.474219694522099,7.849,4.75884383138652,0.526700894217339,9.139,5.04323657468101,0.543018475923661,9.53133333333333,6.08289572202274,0.60291728843269,10.9426666666667,1,1.95265386908748,2.49882731082162,0.252027649434268,0.330456062235742,2.13820360417288,2.30723181344056,2.35623564550834,2.52466336282042
"rpp","D Mirman",2,1.10481003012653,3.84145882069418,0.293212921844857,7.849,4.75884383138652,0.351221682921937,9.139,5.04323657468101,0.369554175349354,9.53133333333333,6.08289572202274,0.438167696446308,10.9426666666667,1,1.81527906665784,1.05464489939276,0.347392289992674,0.176285374614316,2.02739882349287,2.18766774827515,2.23413213140825,2.39383168259023
"rpp","JR Schmidt",2,0.201184162738552,3.84145882069418,0.65376671703141,7.849,4.75884383138652,0.691950710517504,9.139,5.04323657468101,0.703720558399739,9.53133333333333,6.08289572202274,0.746478745017078,10.9426666666667,1,0.397922317711388,0.509527891964372,0.0442376826694979,0.0176747662767206,0.697101722691078,0.752208661821632,0.76818499620169,0.823096161657609
"rpp","K Oberauer",2,0.530343538963183,3.84145882069418,0.466462464389446,7.849,4.75884383138652,0.519404303452982,9.139,5.04323657468101,0.53587342415519,9.53133333333333,6.08289572202274,0.596365048715573,10.9426666666667,0,1.35360927167041,0.877916193476481,0.188137356785551,0.238536842138412,1.83001797459866,1.97468364655357,2.01662441090979,2.16077614159634
"rpp","L Sahakyan",2,2.16894077483016,3.84145882069418,0.140823201671211,7.849,4.75884383138652,0.189606182711715,9.139,5.04323657468101,0.205469601255485,9.53133333333333,6.08289572202274,0.266869222259006,10.9426666666667,0,0.459879724844959,0.0388514343852708,0.0443314669612997,0.0373972844294747,0.800930065402834,0.864244791109722,0.882600686846889,0.945690479782956
"rpp","M Bassok",2,0.292429203598154,3.84145882069418,0.588668028464942,7.849,4.75884383138652,0.632732524530543,9.139,5.04323657468101,0.646349669454095,9.53133333333333,6.08289572202274,0.695970722376085,10.9426666666667,1,0.780957576094734,0.593014895155185,0.0301300309520246,0.0906597222057482,0.973693366792318,1.05066529118882,1.07298061520131,1.14967908807391
"rpp","M Reynolds",2,0.00250490391558549,3.84145882069418,0.960083328809823,7.849,4.75884383138652,0.964769985817837,9.139,5.04323657468101,0.966206566608149,9.53133333333333,6.08289572202274,0.971390496814422,10.9426666666667,1,0.326164036537304,0.291174533323742,0.273758865248687,0.214988558360858,1.95861648311029,2.11344806048496,2.15833607444032,2.31261759501034
"rpp","MJ Yap",2,6.63562141343234e-05,3.84145882069418,0.993500558210509,7.849,4.75884383138652,0.994264246893963,9.139,5.04323657468101,0.994498321021738,9.53133333333333,6.08289572202274,0.995342912120756,10.9426666666667,1,0.816759923841455,0.82055730153517,0.150551508812694,0.066761632644324,1.30602099803033,1.40926392126375,1.43919560482259,1.54207174581805
"rpp","N Janssen 1",2,1.41399185981027,3.84145882069418,0.234394850531507,7.849,4.75884383138652,0.290974600286655,9.139,5.04323657468101,0.309006082926441,9.53133333333333,6.08289572202274,0.377165553189847,10.9426666666667,0,0.727346038385145,0.207632152570772,0.146097814824341,0.0449234567864575,1.22446966515025,1.32126583292352,1.34932850465694,1.44578079302492
"rpp","NB Turk-Browne",2,0.0228905493700685,3.84145882069418,0.879742042663056,7.849,4.75884383138652,0.893771783578433,9.139,5.04323657468101,0.898074728436917,9.53133333333333,6.08289572202274,0.913612749119074,10.9426666666667,1,2.18614651344413,1.9820093679085,1.25417665403485,0.566311509605505,3.78008089813077,4.07890197571714,4.16553472162268,4.46329420331313
"rpp","PA White",2,0.769426411420889,3.84145882069418,0.380394555042215,7.849,4.75884383138652,0.437253723119929,9.139,5.04323657468101,0.45505862753169,9.53133333333333,6.08289572202274,0.520974203960049,10.9426666666667,1,1.59443476575783,1.0964315594312,0.1817283950627,0.140598977419371,1.59058088339191,1.71631869334155,1.75277198448176,1.87806309654756
"rpp","S Farrell",2,1.15380886261003,3.84145882069418,0.282753238434297,7.849,4.75884383138652,0.340657290187357,9.139,5.04323657468101,0.358981123724541,9.53133333333333,6.08289572202274,0.427670726066305,10.9426666666667,1,1.20736628070807,0.666133120910009,0.139941880404893,0.113941880378803,1.41164217788759,1.52323461416887,1.55558694773056,1.66678293917826
"rpp","S Pacton",2,0.0457558438264595,3.84145882069418,0.830620239089081,7.849,4.75884383138652,0.850239481652923,9.139,5.04323657468101,0.856260608081616,9.53133333333333,6.08289572202274,0.878019898299833,10.9426666666667,1,2.0391174535938,1.8627936005185,0.354695651719603,0.324782608614464,2.30937759263445,2.49193736301558,2.54486419912683,2.72677540514107
"rpp","T Makovski",2,0.417420853492281,3.84145882069418,0.518226801775105,7.849,4.75884383138652,0.567809451099229,9.139,5.04323657468101,0.583185314182177,9.53133333333333,6.08289572202274,0.63944976100304,10.9426666666667,1,1.32115651949592,0.746757696919994,0.522314049909688,0.268096885759368,2.49077004841202,2.68766916510933,2.74475319440085,2.9409528045711
"rpp","BK Payne",2,2.26050035901148,3.84145882069418,0.132711175910768,7.849,4.75884383138652,0.180372827787456,9.139,5.04323657468101,0.19590910134524,9.53133333333333,6.08289572202274,0.256212171007473,10.9426666666667,1,0.752563776418888,0.303923435637463,0.066179017935911,0.022862399188434,0.835994068764237,0.9020806566485,0.921240157116757,0.987091964874264
"rpp","CR Cox",2,5.1367685600448,3.84145882069418,0.0234242101039078,7.849,4.75884383138652,0.0414942570966962,9.139,5.04323657468101,0.0478297221419915,9.53133333333333,6.08289572202274,0.0745614167739793,10.9426666666667,0,0.462901998910219,-0.104723833808349,0.0425684672787381,0.0201556134742086,0.701656119356112,0.757123090389654,0.773203803458863,0.828473721763449
"rpp","D Albarracin",2,4.30152670485842,3.84145882069418,0.0380781756126756,7.849,4.75884383138652,0.0627686478068217,9.139,5.04323657468101,0.071249007703313,9.53133333333333,6.08289572202274,0.106206582895702,10.9426666666667,0,0.817456601426715,-0.060999428047954,0.133378151291889,0.0460197808071515,1.18663152201742,1.28043652769402,1.30763201633589,1.40110376905107
"rpp","DB Centerbar",2,0.792510162637156,3.84145882069418,0.373342185109834,7.849,4.75884383138652,0.430412555212669,9.139,5.04323657468101,0.448294948520336,9.53133333333333,6.08289572202274,0.514547499754222,10.9426666666667,0,0.42046865908243,0.188880056180723,0.0316423779793226,0.0360328185323467,0.72882276132136,0.786437296241821,0.803140620533887,0.860550473260205
"rpp","DM Amodio",2,2.84066988666451,3.84145882069418,0.0919058912159895,7.849,4.75884383138652,0.132352710278732,9.139,5.04323657468101,0.145738632768065,9.53133333333333,6.08289572202274,0.198618131072741,10.9426666666667,0,0.814386768172811,0.15385458435809,0.0992175703867012,0.0543739355828108,1.09797073292265,1.1847669699377,1.20993051063442,1.2964183941366
"rpp","E van Dijk",2,8.62905975077354,3.84145882069418,0.00330842292666522,7.849,4.75884383138652,0.00768759978696054,9.139,5.04323657468101,0.00935311616589996,9.53133333333333,6.08289572202274,0.0170466675629319,10.9426666666667,0,0.819460280795095,-0.0843551397183251,0.0457991681549096,0.0488672657267914,0.861995846589455,0.930137914099229,0.949893329171467,1.01779331422912
"rpp","EP Lemay",2,1.9303855871497,3.84145882069418,0.164716265898372,7.849,4.75884383138652,0.216318846309266,9.139,5.04323657468101,0.232993352095974,9.53133333333333,6.08289572202274,0.297056953738004,10.9426666666667,0,0.33935944930939,0.0735531906058308,0.0222441342477599,0.0143563085012484,0.535982159345781,0.578352354783126,0.590636114700397,0.632855785195028
"rpp","H Ersner-Hershfield",2,3.73100419116797,3.84145882069418,0.0534112737980921,7.849,4.75884383138652,0.0836484695890358,9.139,5.04323657468101,0.0938862852922961,9.53133333333333,6.08289572202274,0.135404470980508,10.9426666666667,0,0.450333209687123,-0.00943879711209965,0.0385577981628175,0.0180999506375155,0.666863307083104,0.719579854002489,0.734863177559088,0.787392442944291
"rpp","J Correll",2,1.99617534749457,3.84145882069418,0.157696687465582,7.849,4.75884383138652,0.208540849652115,9.139,5.04323657468101,0.224999039667098,9.53133333333333,6.08289572202274,0.288361074960858,10.9426666666667,0,0.569829696259796,0.147998136097599,0.0617815126105647,0.0273598874033222,0.836463297885208,0.902586979036875,0.921757233403872,0.987646002650728
"rpp","JJ Exline",2,6.16300127129791,3.84145882069418,0.0130449685106492,7.849,4.75884383138652,0.0251387976891593,9.139,5.04323657468101,0.0294848463128118,9.53133333333333,6.08289572202274,0.0483375427600474,10.9426666666667,0,0.957639373062834,0.0234439404865086,0.111751662928186,0.029854847898101,1.05426254010826,1.13760357877489,1.16176540525857,1.24481036539779
"rpp","JL Risen",2,2.66439499402499,3.84145882069418,0.102616838320796,7.849,4.75884383138652,0.145245899479312,9.139,5.04323657468101,0.15928954922849,9.53133333333333,6.08289572202274,0.214473784707154,10.9426666666667,0,0.378290164469662,0.00600300304037863,0.0342405243680536,0.01777793793798,0.638978020467103,0.68949019355959,0.704134435833273,0.754467158680543
"rpp","KE Stanovich",2,2.79170901674294,3.84145882069418,0.0947531250556252,7.849,4.75884383138652,0.135802988889565,9.139,5.04323657468101,0.149371243768013,9.53133333333333,6.08289572202274,0.20289230718357,10.9426666666667,0,0.455646728282793,0.147103773658382,0.0112503046550663,0.0228502245467303,0.517353895998572,0.558251499214484,0.570108332394283,0.610860642218988
"rpp","KL Blankenship",2,3.504654152938,3.84145882069418,0.0611966217108939,7.849,4.75884383138652,0.0938648063847368,9.139,5.04323657468101,0.104862370068155,9.53133333333333,6.08289572202274,0.149169035664916,10.9426666666667,0,0.424539118916466,0.0890798673261405,0.0160778210134245,0.0160317408910514,0.502023855397561,0.541709595858339,0.553215091712854,0.592759844062821
"rpp","N Shnabel",2,7.70567121413381,3.84145882069418,0.00550476000998812,7.849,4.75884383138652,0.0119523383047497,9.139,5.04323657468101,0.0143539834327687,9.53133333333333,6.08289572202274,0.0251960687394319,10.9426666666667,0,0.556975963049383,-0.204332633164914,0.0463464755205891,0.0288696558926865,0.768356307622187,0.82909602880844,0.846705391823941,0.907229328236071
"rpp","NO Rule",2,0.026121592947232,3.84145882069418,0.871603721473889,7.849,4.75884383138652,0.88656774498797,9.139,5.04323657468101,0.891157653212988,9.53133333333333,6.08289572202274,0.907733723081729,10.9426666666667,0,0.628970902033151,0.560829008703686,0.0897062121551917,0.0880516158572155,1.18119481545992,1.27457004131016,1.30164093028592,1.3946844300165
"rpp","PA Goff",2,4.15717947161554,3.84145882069418,0.0414583868815188,7.849,4.75884383138652,0.0674721937631542,9.139,5.04323657468101,0.0763749482289737,9.53133333333333,6.08289572202274,0.11292352857334,10.9426666666667,0,0.861371454744204,0.0260931224077289,0.0878140885749657,0.0800136170207397,1.1477280432318,1.23845767042687,1.2647615603746,1.3551688602404
"rpp","PW Eastwick",2,1.30180437968289,3.84145882069418,0.253883895788004,7.849,4.75884383138652,0.31117444166015,9.139,5.04323657468101,0.329377128311308,9.53133333333333,6.08289572202274,0.397937703822689,10.9426666666667,1,0.282407233592759,0.0588348408724416,0.0251836657134908,0.0132127443514867,0.548974883396325,0.592372173201805,0.604953703296918,0.648196819290017
"rpp","SL Murray",2,8.55761898436663,3.84145882069418,0.00344079142905551,7.849,4.75884383138652,0.00795402461339945,9.139,5.04323657468101,0.00966779139021678,9.53133333333333,6.08289572202274,0.0175703536292227,10.9426666666667,0,0.669561986662229,-0.272700123293101,0.0494257028220341,0.054324871429921,0.902406924454592,0.973743548419509,0.994425113681334,1.06550830616866
"rpp","SM McCrea",2,0.0681282267816814,3.84145882069418,0.794081831222708,7.849,4.75884383138652,0.817766240343952,9.139,5.04323657468101,0.825039535877389,9.53133333333333,6.08289572202274,0.851343890576008,10.9426666666667,1,0.733474346404709,0.605378435941475,0.168073504327178,0.0727747175117158,1.37492461364741,1.48361447127805,1.51512530342778,1.62342902796593
"rpp","V Purdie-Vaughns",2,14.4043230383875,3.84145882069418,0.00014746339144156,7.849,4.75884383138652,0.000500301223277932,9.139,5.04323657468101,0.000651683293023675,9.53133333333333,6.08289572202274,0.00144886478822848,10.9426666666667,0,0.817279147426268,-0.0739211315435857,0.0524488225260428,0.00269003649005284,0.657863895055303,0.70986902492509,0.724946097928721,0.776766473654382
"rpp","B Dessalegn",2,7.31121226993946,3.84145882069418,0.00685256830047898,7.849,4.75884383138652,0.0144426355239511,9.139,5.04323657468101,0.0172443961782379,9.53133333333333,6.08289572202274,0.0297667700907035,10.9426666666667,0,0.826046573844292,-0.457350436907506,0.13378151263314,0.0915036830899888,1.32976069321921,1.43488027504516,1.46535603028833,1.57010216283303
"rpp","B Eitam",2,0.79766296420594,3.84145882069418,0.371793024606683,7.849,4.75884383138652,0.428907287417176,9.139,5.04323657468101,0.446805970150527,9.53133333333333,6.08289572202274,0.51313006435184,10.9426666666667,0,0.456075390139388,0.211048906701217,0.0495059383704799,0.0257614117262406,0.768617870537213,0.829378268665106,0.84699362623844,0.90753816613502
"rpp","C Farris",2,27.0085189251354,3.84145882069418,2.02560758943982e-07,7.849,4.75884383138652,1.32633025606843e-06,9.139,5.04323657468101,1.92606370552628e-06,9.53133333333333,6.08289572202274,5.92193804704877e-06,10.9426666666667,0,1.33238575278883,0.183087757134156,0.0206998272194791,0.0282064414462407,0.619568642490269,0.668546475075602,0.682745888850699,0.731549722110137
"rpp","C Janiszewski",2,0.526249075842378,3.84145882069418,0.468188108901447,7.849,4.75884383138652,0.521028856952526,9.139,5.04323657468101,0.537464664816193,9.53133333333333,6.08289572202274,0.597825734692784,10.9426666666667,1,0.707363863402615,0.46349496975127,0.0775924764697909,0.0354187192183591,0.94181998012162,1.0162722653866,1.03785710794036,1.11204489298628
"rpp","C McKinstry",2,0.38670056440867,3.84145882069418,0.534038843928246,7.849,4.75884383138652,0.582470481240364,9.139,5.04323657468101,0.597476576725855,9.53133333333333,6.08289572202274,0.652331706498466,10.9426666666667,1,1.96638416219322,2.27058485082364,0.056190476238031,0.183111111295796,1.37050288600681,1.47884319942029,1.51025269341947,1.61820811553608
"rpp","DA Armor",2,2.21365945461887,3.84145882069418,0.136793839630881,7.849,4.75884383138652,0.185031049839146,9.139,5.04323657468101,0.200735526620499,9.53133333333333,6.08289572202274,0.261603748226068,10.9426666666667,1,1.86071093069637,2.3645457405937,0.0601793965130075,0.0544947531781807,0.948724091043406,1.02372215665569,1.04546522917947,1.12019685562588
"rpp","DR Addis",2,0.266788207191978,3.84145882069418,0.605494452972628,7.849,4.75884383138652,0.648103587023786,9.139,5.04323657468101,0.661261559567266,9.53133333333333,6.08289572202274,0.709168155109741,10.9426666666667,1,1.38996402914849,1.72317536337172,0.191354838784732,0.224817204288106,1.80735562800427,1.95022980739262,1.99165119098239,2.13401779358367
"rpp","E Nurmsoo",2,5.28914342389485,3.84145882069418,0.021458772409894,7.849,4.75884383138652,0.0385016283828137,9.139,5.04323657468101,0.044499128264327,9.53133333333333,6.08289572202274,0.0699107245247068,10.9426666666667,0,1.16025025103555,-1.00833426883345,0.172457440162195,0.716676856814841,2.64174470700194,2.85057859742073,2.91112269796158,3.11921468221101
"rpp","E Vul",2,0.114429966986834,3.84145882069418,0.735155971134428,7.849,4.75884383138652,0.76517693696515,9.139,5.04323657468101,0.774408135783621,9.53133333333333,6.08289572202274,0.807845744083953,10.9426666666667,1,0.60084436633184,0.681943899266829,0.0253547322822832,0.0321226437535773,0.671669505415773,0.724765989538505,0.740159462631622,0.793067315450005
"rpp","EJ Masicampo",2,4.69463070976692,3.84145882069418,0.0302570002777087,7.849,4.75884383138652,0.0516159672646769,9.139,5.04323657468101,0.0590238627165209,9.53133333333333,6.08289572202274,0.089900052135082,10.9426666666667,0,0.437478442786884,-0.0979537475651025,0.0367665560342389,0.0243005753737094,0.692326450759312,0.747055897465002,0.762922791086768,0.817457805202636
"rpp","G Hajcak",2,0.361928772562478,3.84145882069418,0.547436991099705,7.849,4.75884383138652,0.594851721758066,9.139,5.04323657468101,0.609532607327794,9.53133333333333,6.08289572202274,0.663154542867371,10.9426666666667,0,0.82163362512238,0.516397779494322,0.155836060464391,0.101587301587302,1.42144854593606,1.53381619035347,1.56639326846806,1.67836171403674
"rpp","GA Alvarez",2,2.54722535088677,3.84145882069418,0.110488139294678,7.849,4.75884383138652,0.154579711775064,9.139,5.04323657468101,0.169060819417196,9.53133333333333,6.08289572202274,0.225762529020923,10.9426666666667,1,2.08636388844754,4.79499999744312,1.19327346785971,1.68700156096747,4.75471121113202,5.13057828012122,5.23954782318361,5.61407958162152
"rpp","GP Lau",2,4.22570219418957,3.84145882069418,0.0398161409385898,7.849,4.75884383138652,0.0651949824364562,9.139,5.04323657468101,0.0738953113651923,9.53133333333333,6.08289572202274,0.109682567055291,10.9426666666667,0,0.832430884200087,-0.0685994350396289,0.134084033627718,0.0580392156882283,1.22799649180316,1.32507146052522,1.35321496086667,1.44994505971133
"rpp","J Winawer",2,0.836967568617567,3.84145882069418,0.360265490364722,7.849,4.75884383138652,0.417677321178702,9.139,5.04323657468101,0.435688701750128,9.53133333333333,6.08289572202274,0.502516285751176,10.9426666666667,1,1.88226307670776,1.24120000039835,0.269389796069191,0.221623097639554,1.96315058075532,2.11834058536493,2.16333251279192,2.31797118724333
"rpp","JA Richeson",2,2.5106467482767,3.84145882069418,0.11307951537768,7.849,4.75884383138652,0.157628391088046,9.139,5.04323657468101,0.172245700902072,9.53133333333333,6.08289572202274,0.229417166508322,10.9426666666667,0,0.800960961967162,0.0353553389772755,0.171908831947976,0.0615576923076031,1.35369078776582,1.46070207953975,1.49172627008264,1.59835739206038
"rpp","JS Nairne",2,0.0106782809399133,3.84145882069418,0.917696488830754,7.849,4.75884383138652,0.927335131702164,9.139,5.04323657468101,0.930290303432933,9.53133333333333,6.08289572202274,0.940957061909022,10.9426666666667,1,0.995642681413101,0.934619448736598,0.217013232567455,0.131716581458289,1.65444259806379,1.78522877256145,1.82314566087044,1.9534672025945
"rpp","JT Larsen",2,9.08568919945527,3.84145882069418,0.00257617381309561,7.849,4.75884383138652,0.0061848316654447,9.139,5.04323657468101,0.00757126859858293,9.53133333333333,6.08289572202274,0.014047301358413,10.9426666666667,1,0.429511714797468,1.15525478046425,0.0354616975690531,0.0225089181763102,0.674545300914147,0.727869120994204,0.743328502216644,0.796462883355484
"rpp","KA Ranganath",2,5.04178299181981,3.84145882069418,0.0247430105573117,7.849,4.75884383138652,0.0434803094975278,9.139,5.04323657468101,0.0500345163331204,9.53133333333333,6.08289572202274,0.0776169472637248,10.9426666666667,0,0.00928013990024891,0.21297947587915,0.00710494870514488,0.001124961139362,0.254158537864724,0.274250152359025,0.280075015007188,0.300095251753768
"rpp","KD Vohs",2,3.49746252683153,3.84145882069418,0.0614629349508523,7.849,4.75884383138652,0.0942104037754455,9.139,5.04323657468101,0.10523264006001,9.53133333333333,6.08289572202274,0.1496293784684,10.9426666666667,0,1.14901199795405,0.205791155979883,0.183456157635943,0.0709184210505182,1.41300603965802,1.52470629126254,1.55708988211564,1.66839330586038
"rpp","N Halevy",2,4.63280919311243,3.84145882069418,0.0313661665585669,7.849,4.75884383138652,0.053223045240709,9.139,5.04323657468101,0.0607920800684078,9.53133333333333,6.08289572202274,0.0922854252081506,10.9426666666667,1,2.40328722593017,1.7243356192158,0.0409028848967328,0.0585994397285407,0.883738505432332,0.953599362809338,0.97385308103688,1.04346574976509
"rpp","N Janssen 2",2,0.326203074493432,3.84145882069418,0.567903455447067,7.849,4.75884383138652,0.613695223552852,9.139,5.04323657468101,0.627859484581566,9.53133333333333,6.08289572202274,0.679532668619658,10.9426666666667,0,1.71047194841308,1.14574310982417,0.49469387759343,0.48297520670087,2.77014884846031,2.98913327929111,3.05262017488317,3.27082663859425
"rpp","P Bressan 1",2,5.596775197578,3.84145882069418,0.0179935683318954,7.849,4.75884383138652,0.0331182540047384,9.139,5.04323657468101,0.038480446891614,9.53133333333333,6.08289572202274,0.0613910376415806,10.9426666666667,0,0.384225020137164,-0.0603720766419469,0.020036854425601,0.0152810869757178,0.526507855647901,0.568129093135224,0.580195718825211,0.621669092128199
"rpp","P Bressan 2",2,3.70068284784221,3.84145882069418,0.0543902044535916,7.849,4.75884383138652,0.0849456745117669,9.139,5.04323657468101,0.0952833174905183,9.53133333333333,6.08289572202274,0.137169533187372,10.9426666666667,0,0.384225020137164,0.0365729353683726,0.020036854425601,0.0126225160239794,0.50630366249787,0.546327728143754,0.557931309581894,0.597813185178232
"rpp","S Forti",2,3.16843409733213,3.84145882069418,0.0750743932377274,7.849,4.75884383138652,0.111574443933495,9.139,5.04323657468101,0.123756794039719,9.53133333333333,6.08289572202274,0.172353933348464,10.9426666666667,0,2.09027050054594,0.424264068370467,0.643786981957889,0.232222222206126,2.62217395370394,2.82946074665384,2.88955632026013,3.09610670328056
"rpp","S Schnall",2,5.17311712375154,3.84145882069418,0.0229390190900634,7.849,4.75884383138652,0.0407592432410419,9.139,5.04323657468101,0.0470126504003086,9.53133333333333,6.08289572202274,0.0734244653014727,10.9426666666667,0,0.872898173329979,0.00567961890155511,0.113379790976257,0.0320002580645669,1.06821720868063,1.15266138487593,1.17714302759879,1.26128720624503
"rpp","SE Palmer",2,3.52156473226003,3.84145882069418,0.0605752334648594,7.849,4.75884383138652,0.093057473342581,9.139,5.04323657468101,0.10399714629709,9.53133333333333,6.08289572202274,0.148092349349202,10.9426666666667,0,3.3638838142428,0.241897263549382,2.18795918796067,0.579787755158954,4.66090610896057,5.02935774360606,5.13617744019689,5.50332010846578
"rpp","SJ Heine",2,1.56772772537684,3.84145882069418,0.210537310137706,7.849,4.75884383138652,0.265877888998987,9.139,5.04323657468101,0.283587666073491,9.53133333333333,6.08289572202274,0.350858591118745,10.9426666666667,1,0.952561456508692,0.221343201923522,0.0711213525858835,0.269932854202517,1.63613400095535,1.76547285332831,1.80297014108272,1.93184950245869
"rpp","SK Moeller",2,3.66516904505316,3.84145882069418,0.0555610068682713,7.849,4.75884383138652,0.0864921930289088,9.139,5.04323657468101,0.0969475407748537,9.53133333333333,6.08289572202274,0.13926705956934,10.9426666666667,0,0.652125970874945,-0.0680393381094283,0.0851013131132613,0.0564032303032446,1.05388289732596,1.13719392465993,1.16134705040477,1.24436210583001
"rpp","T Goschke",2,0.0518740480380315,3.84145882069418,0.819833796878502,7.849,4.75884383138652,0.840662376938041,9.139,5.04323657468101,0.847055747783855,9.53133333333333,6.08289572202274,0.870165059033969,10.9426666666667,1,0.808507396922827,0.902565042441179,0.119325236176383,0.051219400594009,1.15698092206,1.24844200323628,1.27495795274623,1.3660941080197
"rpp","V Lobue",2,2.77556059827491,3.84145882069418,0.0957131395664081,7.849,4.75884383138652,0.136962484498113,9.139,5.04323657468101,0.1505909579222,9.53133333333333,6.08289572202274,0.204323471183185,10.9426666666667,0,1.10453610090903,0.361436527749323,0.111063829749177,0.0878858800764146,1.24962245195142,1.34840698533346,1.37704611430324,1.47547970438482
"rpp","Z Estes",2,1.60926475956457,3.84145882069418,0.204595185041512,7.849,4.75884383138652,0.259557903242475,9.139,5.04323657468101,0.277166399936919,9.53133333333333,6.08289572202274,0.344140487509339,10.9426666666667,0,1.48165249515248,0.525538272411879,0.364429065670092,0.203628117893793,2.11155886344495,2.27848076590309,2.32687394779818,2.49320284119546
"wagenmakers","Wagenmakers",2,3.01050331566771,3.84145882069418,0.0827266000567071,7.849,4.75884383138652,0.121106369827495,9.139,5.04323657468101,0.133864118199269,9.53133333333333,6.08289572202274,0.184518535069949,10.9426666666667,0,0.469228974976336,0.0155052264808362,0.0662917405722365,0.00209059233449478,0.732620591428424,0.79053535052812,0.807325714346462,0.86503472467144
